[0.055s] DEBUG:colcon:Command line arguments: ['/usr/bin/colcon', 'build']
[0.055s] DEBUG:colcon:Parsed command line arguments: Namespace(log_base=None, log_level=None, verb_name='build', build_base='build', install_base='install', merge_install=False, symlink_install=False, test_result_base=None, continue_on_error=False, executor='parallel', parallel_workers=14, event_handlers=None, ignore_user_meta=False, metas=['./colcon.meta'], base_paths=['.'], packages_ignore=None, packages_ignore_regex=None, paths=None, packages_up_to=None, packages_up_to_regex=None, packages_above=None, packages_above_and_dependencies=None, packages_above_depth=None, packages_select_by_dep=None, packages_skip_by_dep=None, packages_skip_up_to=None, packages_select_build_failed=False, packages_skip_build_finished=False, packages_select_test_failures=False, packages_skip_test_passed=False, packages_select=None, packages_skip=None, packages_select_regex=None, packages_skip_regex=None, packages_start=None, packages_end=None, cmake_args=None, cmake_target=None, cmake_target_skip_unavailable=False, cmake_clean_cache=False, cmake_clean_first=False, cmake_force_configure=False, ament_cmake_args=None, catkin_cmake_args=None, catkin_skip_building_tests=False, mixin_files=None, mixin=None, verb_parser=<colcon_mixin.mixin.mixin_argument.MixinArgumentDecorator object at 0x767ea276ee10>, verb_extension=<colcon_core.verb.build.BuildVerb object at 0x767ea276eae0>, main=<bound method BuildVerb.main of <colcon_core.verb.build.BuildVerb object at 0x767ea276eae0>>, mixin_verb=('build',))
[0.075s] Level 1:colcon.colcon_core.package_discovery:discover_packages(colcon_meta) check parameters
[0.075s] Level 1:colcon.colcon_core.package_discovery:discover_packages(recursive) check parameters
[0.075s] Level 1:colcon.colcon_core.package_discovery:discover_packages(ignore) check parameters
[0.075s] Level 1:colcon.colcon_core.package_discovery:discover_packages(path) check parameters
[0.075s] Level 1:colcon.colcon_core.package_discovery:discover_packages(colcon_meta) discover
[0.075s] Level 1:colcon.colcon_core.package_discovery:discover_packages(recursive) discover
[0.075s] INFO:colcon.colcon_core.package_discovery:Crawling recursively for packages in '/home/admin/ros_ws/src/eta_robots/Universal_Robots_ROS2_Driver'
[0.075s] Level 1:colcon.colcon_core.package_identification:_identify(.) by extensions ['ignore', 'ignore_ament_install']
[0.075s] Level 1:colcon.colcon_core.package_identification:_identify(.) by extension 'ignore'
[0.075s] Level 1:colcon.colcon_core.package_identification:_identify(.) by extension 'ignore_ament_install'
[0.075s] Level 1:colcon.colcon_core.package_identification:_identify(.) by extensions ['colcon_pkg']
[0.075s] Level 1:colcon.colcon_core.package_identification:_identify(.) by extension 'colcon_pkg'
[0.075s] Level 1:colcon.colcon_core.package_identification:_identify(.) by extensions ['colcon_meta']
[0.075s] Level 1:colcon.colcon_core.package_identification:_identify(.) by extension 'colcon_meta'
[0.075s] Level 1:colcon.colcon_core.package_identification:_identify(.) by extensions ['ros']
[0.075s] Level 1:colcon.colcon_core.package_identification:_identify(.) by extension 'ros'
[0.088s] Level 1:colcon.colcon_core.package_identification:_identify(.) by extensions ['cmake', 'python']
[0.088s] Level 1:colcon.colcon_core.package_identification:_identify(.) by extension 'cmake'
[0.088s] Level 1:colcon.colcon_core.package_identification:_identify(.) by extension 'python'
[0.089s] Level 1:colcon.colcon_core.package_identification:_identify(.) by extensions ['python_setup_py']
[0.089s] Level 1:colcon.colcon_core.package_identification:_identify(.) by extension 'python_setup_py'
[0.089s] Level 1:colcon.colcon_core.package_identification:_identify(build) by extensions ['ignore', 'ignore_ament_install']
[0.089s] Level 1:colcon.colcon_core.package_identification:_identify(build) by extension 'ignore'
[0.089s] Level 1:colcon.colcon_core.package_identification:_identify(build) ignored
[0.089s] Level 1:colcon.colcon_core.package_identification:_identify(install) by extensions ['ignore', 'ignore_ament_install']
[0.089s] Level 1:colcon.colcon_core.package_identification:_identify(install) by extension 'ignore'
[0.089s] Level 1:colcon.colcon_core.package_identification:_identify(install) ignored
[0.089s] Level 1:colcon.colcon_core.package_identification:_identify(log) by extensions ['ignore', 'ignore_ament_install']
[0.089s] Level 1:colcon.colcon_core.package_identification:_identify(log) by extension 'ignore'
[0.089s] Level 1:colcon.colcon_core.package_identification:_identify(log) ignored
[0.089s] Level 1:colcon.colcon_core.package_identification:_identify(my_ur_msgs) by extensions ['ignore', 'ignore_ament_install']
[0.089s] Level 1:colcon.colcon_core.package_identification:_identify(my_ur_msgs) by extension 'ignore'
[0.089s] Level 1:colcon.colcon_core.package_identification:_identify(my_ur_msgs) by extension 'ignore_ament_install'
[0.089s] Level 1:colcon.colcon_core.package_identification:_identify(my_ur_msgs) by extensions ['colcon_pkg']
[0.089s] Level 1:colcon.colcon_core.package_identification:_identify(my_ur_msgs) by extension 'colcon_pkg'
[0.089s] Level 1:colcon.colcon_core.package_identification:_identify(my_ur_msgs) by extensions ['colcon_meta']
[0.089s] Level 1:colcon.colcon_core.package_identification:_identify(my_ur_msgs) by extension 'colcon_meta'
[0.089s] Level 1:colcon.colcon_core.package_identification:_identify(my_ur_msgs) by extensions ['ros']
[0.089s] Level 1:colcon.colcon_core.package_identification:_identify(my_ur_msgs) by extension 'ros'
[0.091s] DEBUG:colcon.colcon_core.package_identification:Package 'my_ur_msgs' with type 'ros.ament_cmake' and name 'my_ur_msgs'
[0.091s] Level 1:colcon.colcon_core.package_identification:_identify(ur) by extensions ['ignore', 'ignore_ament_install']
[0.091s] Level 1:colcon.colcon_core.package_identification:_identify(ur) by extension 'ignore'
[0.091s] Level 1:colcon.colcon_core.package_identification:_identify(ur) by extension 'ignore_ament_install'
[0.091s] Level 1:colcon.colcon_core.package_identification:_identify(ur) by extensions ['colcon_pkg']
[0.091s] Level 1:colcon.colcon_core.package_identification:_identify(ur) by extension 'colcon_pkg'
[0.091s] Level 1:colcon.colcon_core.package_identification:_identify(ur) by extensions ['colcon_meta']
[0.091s] Level 1:colcon.colcon_core.package_identification:_identify(ur) by extension 'colcon_meta'
[0.091s] Level 1:colcon.colcon_core.package_identification:_identify(ur) by extensions ['ros']
[0.091s] Level 1:colcon.colcon_core.package_identification:_identify(ur) by extension 'ros'
[0.091s] DEBUG:colcon.colcon_core.package_identification:Package 'ur' with type 'ros.ament_cmake' and name 'ur'
[0.091s] Level 1:colcon.colcon_core.package_identification:_identify(ur_calibration) by extensions ['ignore', 'ignore_ament_install']
[0.091s] Level 1:colcon.colcon_core.package_identification:_identify(ur_calibration) by extension 'ignore'
[0.091s] Level 1:colcon.colcon_core.package_identification:_identify(ur_calibration) by extension 'ignore_ament_install'
[0.091s] Level 1:colcon.colcon_core.package_identification:_identify(ur_calibration) by extensions ['colcon_pkg']
[0.091s] Level 1:colcon.colcon_core.package_identification:_identify(ur_calibration) by extension 'colcon_pkg'
[0.091s] Level 1:colcon.colcon_core.package_identification:_identify(ur_calibration) by extensions ['colcon_meta']
[0.091s] Level 1:colcon.colcon_core.package_identification:_identify(ur_calibration) by extension 'colcon_meta'
[0.091s] Level 1:colcon.colcon_core.package_identification:_identify(ur_calibration) by extensions ['ros']
[0.091s] Level 1:colcon.colcon_core.package_identification:_identify(ur_calibration) by extension 'ros'
[0.092s] DEBUG:colcon.colcon_core.package_identification:Package 'ur_calibration' with type 'ros.ament_cmake' and name 'ur_calibration'
[0.092s] Level 1:colcon.colcon_core.package_identification:_identify(ur_controllers) by extensions ['ignore', 'ignore_ament_install']
[0.092s] Level 1:colcon.colcon_core.package_identification:_identify(ur_controllers) by extension 'ignore'
[0.092s] Level 1:colcon.colcon_core.package_identification:_identify(ur_controllers) by extension 'ignore_ament_install'
[0.092s] Level 1:colcon.colcon_core.package_identification:_identify(ur_controllers) by extensions ['colcon_pkg']
[0.092s] Level 1:colcon.colcon_core.package_identification:_identify(ur_controllers) by extension 'colcon_pkg'
[0.092s] Level 1:colcon.colcon_core.package_identification:_identify(ur_controllers) by extensions ['colcon_meta']
[0.092s] Level 1:colcon.colcon_core.package_identification:_identify(ur_controllers) by extension 'colcon_meta'
[0.092s] Level 1:colcon.colcon_core.package_identification:_identify(ur_controllers) by extensions ['ros']
[0.092s] Level 1:colcon.colcon_core.package_identification:_identify(ur_controllers) by extension 'ros'
[0.093s] DEBUG:colcon.colcon_core.package_identification:Package 'ur_controllers' with type 'ros.ament_cmake' and name 'ur_controllers'
[0.093s] Level 1:colcon.colcon_core.package_identification:_identify(ur_dashboard_msgs) by extensions ['ignore', 'ignore_ament_install']
[0.093s] Level 1:colcon.colcon_core.package_identification:_identify(ur_dashboard_msgs) by extension 'ignore'
[0.093s] Level 1:colcon.colcon_core.package_identification:_identify(ur_dashboard_msgs) by extension 'ignore_ament_install'
[0.093s] Level 1:colcon.colcon_core.package_identification:_identify(ur_dashboard_msgs) by extensions ['colcon_pkg']
[0.093s] Level 1:colcon.colcon_core.package_identification:_identify(ur_dashboard_msgs) by extension 'colcon_pkg'
[0.093s] Level 1:colcon.colcon_core.package_identification:_identify(ur_dashboard_msgs) by extensions ['colcon_meta']
[0.093s] Level 1:colcon.colcon_core.package_identification:_identify(ur_dashboard_msgs) by extension 'colcon_meta'
[0.093s] Level 1:colcon.colcon_core.package_identification:_identify(ur_dashboard_msgs) by extensions ['ros']
[0.093s] Level 1:colcon.colcon_core.package_identification:_identify(ur_dashboard_msgs) by extension 'ros'
[0.093s] DEBUG:colcon.colcon_core.package_identification:Package 'ur_dashboard_msgs' with type 'ros.ament_cmake' and name 'ur_dashboard_msgs'
[0.093s] Level 1:colcon.colcon_core.package_identification:_identify(ur_moveit_config) by extensions ['ignore', 'ignore_ament_install']
[0.093s] Level 1:colcon.colcon_core.package_identification:_identify(ur_moveit_config) by extension 'ignore'
[0.093s] Level 1:colcon.colcon_core.package_identification:_identify(ur_moveit_config) by extension 'ignore_ament_install'
[0.093s] Level 1:colcon.colcon_core.package_identification:_identify(ur_moveit_config) by extensions ['colcon_pkg']
[0.093s] Level 1:colcon.colcon_core.package_identification:_identify(ur_moveit_config) by extension 'colcon_pkg'
[0.093s] Level 1:colcon.colcon_core.package_identification:_identify(ur_moveit_config) by extensions ['colcon_meta']
[0.093s] Level 1:colcon.colcon_core.package_identification:_identify(ur_moveit_config) by extension 'colcon_meta'
[0.093s] Level 1:colcon.colcon_core.package_identification:_identify(ur_moveit_config) by extensions ['ros']
[0.093s] Level 1:colcon.colcon_core.package_identification:_identify(ur_moveit_config) by extension 'ros'
[0.094s] DEBUG:colcon.colcon_core.package_identification:Package 'ur_moveit_config' with type 'ros.ament_cmake' and name 'ur_moveit_config'
[0.094s] Level 1:colcon.colcon_core.package_identification:_identify(ur_robot_driver) by extensions ['ignore', 'ignore_ament_install']
[0.094s] Level 1:colcon.colcon_core.package_identification:_identify(ur_robot_driver) by extension 'ignore'
[0.094s] Level 1:colcon.colcon_core.package_identification:_identify(ur_robot_driver) by extension 'ignore_ament_install'
[0.094s] Level 1:colcon.colcon_core.package_identification:_identify(ur_robot_driver) by extensions ['colcon_pkg']
[0.094s] Level 1:colcon.colcon_core.package_identification:_identify(ur_robot_driver) by extension 'colcon_pkg'
[0.094s] Level 1:colcon.colcon_core.package_identification:_identify(ur_robot_driver) by extensions ['colcon_meta']
[0.094s] Level 1:colcon.colcon_core.package_identification:_identify(ur_robot_driver) by extension 'colcon_meta'
[0.094s] Level 1:colcon.colcon_core.package_identification:_identify(ur_robot_driver) by extensions ['ros']
[0.094s] Level 1:colcon.colcon_core.package_identification:_identify(ur_robot_driver) by extension 'ros'
[0.095s] DEBUG:colcon.colcon_core.package_identification:Package 'ur_robot_driver' with type 'ros.ament_cmake' and name 'ur_robot_driver'
[0.095s] Level 1:colcon.colcon_core.package_discovery:discover_packages(recursive) using defaults
[0.095s] Level 1:colcon.colcon_core.package_discovery:discover_packages(ignore) discover
[0.095s] Level 1:colcon.colcon_core.package_discovery:discover_packages(ignore) using defaults
[0.095s] Level 1:colcon.colcon_core.package_discovery:discover_packages(path) discover
[0.095s] Level 1:colcon.colcon_core.package_discovery:discover_packages(path) using defaults
[0.106s] Level 5:colcon.colcon_core.verb:set package 'my_ur_msgs' build argument 'cmake_args' from command line to 'None'
[0.106s] Level 5:colcon.colcon_core.verb:set package 'my_ur_msgs' build argument 'cmake_target' from command line to 'None'
[0.106s] Level 5:colcon.colcon_core.verb:set package 'my_ur_msgs' build argument 'cmake_target_skip_unavailable' from command line to 'False'
[0.106s] Level 5:colcon.colcon_core.verb:set package 'my_ur_msgs' build argument 'cmake_clean_cache' from command line to 'False'
[0.106s] Level 5:colcon.colcon_core.verb:set package 'my_ur_msgs' build argument 'cmake_clean_first' from command line to 'False'
[0.106s] Level 5:colcon.colcon_core.verb:set package 'my_ur_msgs' build argument 'cmake_force_configure' from command line to 'False'
[0.106s] Level 5:colcon.colcon_core.verb:set package 'my_ur_msgs' build argument 'ament_cmake_args' from command line to 'None'
[0.106s] Level 5:colcon.colcon_core.verb:set package 'my_ur_msgs' build argument 'catkin_cmake_args' from command line to 'None'
[0.106s] Level 5:colcon.colcon_core.verb:set package 'my_ur_msgs' build argument 'catkin_skip_building_tests' from command line to 'False'
[0.106s] DEBUG:colcon.colcon_core.verb:Building package 'my_ur_msgs' with the following arguments: {'ament_cmake_args': None, 'build_base': '/home/admin/ros_ws/src/eta_robots/Universal_Robots_ROS2_Driver/build/my_ur_msgs', 'catkin_cmake_args': None, 'catkin_skip_building_tests': False, 'cmake_args': None, 'cmake_clean_cache': False, 'cmake_clean_first': False, 'cmake_force_configure': False, 'cmake_target': None, 'cmake_target_skip_unavailable': False, 'install_base': '/home/admin/ros_ws/src/eta_robots/Universal_Robots_ROS2_Driver/install/my_ur_msgs', 'merge_install': False, 'path': '/home/admin/ros_ws/src/eta_robots/Universal_Robots_ROS2_Driver/my_ur_msgs', 'symlink_install': False, 'test_result_base': None}
[0.106s] Level 5:colcon.colcon_core.verb:set package 'ur_dashboard_msgs' build argument 'cmake_args' from command line to 'None'
[0.106s] Level 5:colcon.colcon_core.verb:set package 'ur_dashboard_msgs' build argument 'cmake_target' from command line to 'None'
[0.106s] Level 5:colcon.colcon_core.verb:set package 'ur_dashboard_msgs' build argument 'cmake_target_skip_unavailable' from command line to 'False'
[0.106s] Level 5:colcon.colcon_core.verb:set package 'ur_dashboard_msgs' build argument 'cmake_clean_cache' from command line to 'False'
[0.106s] Level 5:colcon.colcon_core.verb:set package 'ur_dashboard_msgs' build argument 'cmake_clean_first' from command line to 'False'
[0.106s] Level 5:colcon.colcon_core.verb:set package 'ur_dashboard_msgs' build argument 'cmake_force_configure' from command line to 'False'
[0.106s] Level 5:colcon.colcon_core.verb:set package 'ur_dashboard_msgs' build argument 'ament_cmake_args' from command line to 'None'
[0.106s] Level 5:colcon.colcon_core.verb:set package 'ur_dashboard_msgs' build argument 'catkin_cmake_args' from command line to 'None'
[0.106s] Level 5:colcon.colcon_core.verb:set package 'ur_dashboard_msgs' build argument 'catkin_skip_building_tests' from command line to 'False'
[0.106s] DEBUG:colcon.colcon_core.verb:Building package 'ur_dashboard_msgs' with the following arguments: {'ament_cmake_args': None, 'build_base': '/home/admin/ros_ws/src/eta_robots/Universal_Robots_ROS2_Driver/build/ur_dashboard_msgs', 'catkin_cmake_args': None, 'catkin_skip_building_tests': False, 'cmake_args': None, 'cmake_clean_cache': False, 'cmake_clean_first': False, 'cmake_force_configure': False, 'cmake_target': None, 'cmake_target_skip_unavailable': False, 'install_base': '/home/admin/ros_ws/src/eta_robots/Universal_Robots_ROS2_Driver/install/ur_dashboard_msgs', 'merge_install': False, 'path': '/home/admin/ros_ws/src/eta_robots/Universal_Robots_ROS2_Driver/ur_dashboard_msgs', 'symlink_install': False, 'test_result_base': None}
[0.106s] Level 5:colcon.colcon_core.verb:set package 'ur_moveit_config' build argument 'cmake_args' from command line to 'None'
[0.106s] Level 5:colcon.colcon_core.verb:set package 'ur_moveit_config' build argument 'cmake_target' from command line to 'None'
[0.106s] Level 5:colcon.colcon_core.verb:set package 'ur_moveit_config' build argument 'cmake_target_skip_unavailable' from command line to 'False'
[0.106s] Level 5:colcon.colcon_core.verb:set package 'ur_moveit_config' build argument 'cmake_clean_cache' from command line to 'False'
[0.106s] Level 5:colcon.colcon_core.verb:set package 'ur_moveit_config' build argument 'cmake_clean_first' from command line to 'False'
[0.106s] Level 5:colcon.colcon_core.verb:set package 'ur_moveit_config' build argument 'cmake_force_configure' from command line to 'False'
[0.106s] Level 5:colcon.colcon_core.verb:set package 'ur_moveit_config' build argument 'ament_cmake_args' from command line to 'None'
[0.106s] Level 5:colcon.colcon_core.verb:set package 'ur_moveit_config' build argument 'catkin_cmake_args' from command line to 'None'
[0.106s] Level 5:colcon.colcon_core.verb:set package 'ur_moveit_config' build argument 'catkin_skip_building_tests' from command line to 'False'
[0.106s] DEBUG:colcon.colcon_core.verb:Building package 'ur_moveit_config' with the following arguments: {'ament_cmake_args': None, 'build_base': '/home/admin/ros_ws/src/eta_robots/Universal_Robots_ROS2_Driver/build/ur_moveit_config', 'catkin_cmake_args': None, 'catkin_skip_building_tests': False, 'cmake_args': None, 'cmake_clean_cache': False, 'cmake_clean_first': False, 'cmake_force_configure': False, 'cmake_target': None, 'cmake_target_skip_unavailable': False, 'install_base': '/home/admin/ros_ws/src/eta_robots/Universal_Robots_ROS2_Driver/install/ur_moveit_config', 'merge_install': False, 'path': '/home/admin/ros_ws/src/eta_robots/Universal_Robots_ROS2_Driver/ur_moveit_config', 'symlink_install': False, 'test_result_base': None}
[0.107s] Level 5:colcon.colcon_core.verb:set package 'ur_controllers' build argument 'cmake_args' from command line to 'None'
[0.107s] Level 5:colcon.colcon_core.verb:set package 'ur_controllers' build argument 'cmake_target' from command line to 'None'
[0.107s] Level 5:colcon.colcon_core.verb:set package 'ur_controllers' build argument 'cmake_target_skip_unavailable' from command line to 'False'
[0.107s] Level 5:colcon.colcon_core.verb:set package 'ur_controllers' build argument 'cmake_clean_cache' from command line to 'False'
[0.107s] Level 5:colcon.colcon_core.verb:set package 'ur_controllers' build argument 'cmake_clean_first' from command line to 'False'
[0.107s] Level 5:colcon.colcon_core.verb:set package 'ur_controllers' build argument 'cmake_force_configure' from command line to 'False'
[0.107s] Level 5:colcon.colcon_core.verb:set package 'ur_controllers' build argument 'ament_cmake_args' from command line to 'None'
[0.107s] Level 5:colcon.colcon_core.verb:set package 'ur_controllers' build argument 'catkin_cmake_args' from command line to 'None'
[0.107s] Level 5:colcon.colcon_core.verb:set package 'ur_controllers' build argument 'catkin_skip_building_tests' from command line to 'False'
[0.107s] DEBUG:colcon.colcon_core.verb:Building package 'ur_controllers' with the following arguments: {'ament_cmake_args': None, 'build_base': '/home/admin/ros_ws/src/eta_robots/Universal_Robots_ROS2_Driver/build/ur_controllers', 'catkin_cmake_args': None, 'catkin_skip_building_tests': False, 'cmake_args': None, 'cmake_clean_cache': False, 'cmake_clean_first': False, 'cmake_force_configure': False, 'cmake_target': None, 'cmake_target_skip_unavailable': False, 'install_base': '/home/admin/ros_ws/src/eta_robots/Universal_Robots_ROS2_Driver/install/ur_controllers', 'merge_install': False, 'path': '/home/admin/ros_ws/src/eta_robots/Universal_Robots_ROS2_Driver/ur_controllers', 'symlink_install': False, 'test_result_base': None}
[0.107s] Level 5:colcon.colcon_core.verb:set package 'ur_robot_driver' build argument 'cmake_args' from command line to 'None'
[0.107s] Level 5:colcon.colcon_core.verb:set package 'ur_robot_driver' build argument 'cmake_target' from command line to 'None'
[0.107s] Level 5:colcon.colcon_core.verb:set package 'ur_robot_driver' build argument 'cmake_target_skip_unavailable' from command line to 'False'
[0.107s] Level 5:colcon.colcon_core.verb:set package 'ur_robot_driver' build argument 'cmake_clean_cache' from command line to 'False'
[0.107s] Level 5:colcon.colcon_core.verb:set package 'ur_robot_driver' build argument 'cmake_clean_first' from command line to 'False'
[0.107s] Level 5:colcon.colcon_core.verb:set package 'ur_robot_driver' build argument 'cmake_force_configure' from command line to 'False'
[0.107s] Level 5:colcon.colcon_core.verb:set package 'ur_robot_driver' build argument 'ament_cmake_args' from command line to 'None'
[0.107s] Level 5:colcon.colcon_core.verb:set package 'ur_robot_driver' build argument 'catkin_cmake_args' from command line to 'None'
[0.107s] Level 5:colcon.colcon_core.verb:set package 'ur_robot_driver' build argument 'catkin_skip_building_tests' from command line to 'False'
[0.107s] DEBUG:colcon.colcon_core.verb:Building package 'ur_robot_driver' with the following arguments: {'ament_cmake_args': None, 'build_base': '/home/admin/ros_ws/src/eta_robots/Universal_Robots_ROS2_Driver/build/ur_robot_driver', 'catkin_cmake_args': None, 'catkin_skip_building_tests': False, 'cmake_args': None, 'cmake_clean_cache': False, 'cmake_clean_first': False, 'cmake_force_configure': False, 'cmake_target': None, 'cmake_target_skip_unavailable': False, 'install_base': '/home/admin/ros_ws/src/eta_robots/Universal_Robots_ROS2_Driver/install/ur_robot_driver', 'merge_install': False, 'path': '/home/admin/ros_ws/src/eta_robots/Universal_Robots_ROS2_Driver/ur_robot_driver', 'symlink_install': False, 'test_result_base': None}
[0.107s] Level 5:colcon.colcon_core.verb:set package 'ur_calibration' build argument 'cmake_args' from command line to 'None'
[0.107s] Level 5:colcon.colcon_core.verb:set package 'ur_calibration' build argument 'cmake_target' from command line to 'None'
[0.107s] Level 5:colcon.colcon_core.verb:set package 'ur_calibration' build argument 'cmake_target_skip_unavailable' from command line to 'False'
[0.107s] Level 5:colcon.colcon_core.verb:set package 'ur_calibration' build argument 'cmake_clean_cache' from command line to 'False'
[0.107s] Level 5:colcon.colcon_core.verb:set package 'ur_calibration' build argument 'cmake_clean_first' from command line to 'False'
[0.107s] Level 5:colcon.colcon_core.verb:set package 'ur_calibration' build argument 'cmake_force_configure' from command line to 'False'
[0.107s] Level 5:colcon.colcon_core.verb:set package 'ur_calibration' build argument 'ament_cmake_args' from command line to 'None'
[0.107s] Level 5:colcon.colcon_core.verb:set package 'ur_calibration' build argument 'catkin_cmake_args' from command line to 'None'
[0.107s] Level 5:colcon.colcon_core.verb:set package 'ur_calibration' build argument 'catkin_skip_building_tests' from command line to 'False'
[0.107s] DEBUG:colcon.colcon_core.verb:Building package 'ur_calibration' with the following arguments: {'ament_cmake_args': None, 'build_base': '/home/admin/ros_ws/src/eta_robots/Universal_Robots_ROS2_Driver/build/ur_calibration', 'catkin_cmake_args': None, 'catkin_skip_building_tests': False, 'cmake_args': None, 'cmake_clean_cache': False, 'cmake_clean_first': False, 'cmake_force_configure': False, 'cmake_target': None, 'cmake_target_skip_unavailable': False, 'install_base': '/home/admin/ros_ws/src/eta_robots/Universal_Robots_ROS2_Driver/install/ur_calibration', 'merge_install': False, 'path': '/home/admin/ros_ws/src/eta_robots/Universal_Robots_ROS2_Driver/ur_calibration', 'symlink_install': False, 'test_result_base': None}
[0.107s] Level 5:colcon.colcon_core.verb:set package 'ur' build argument 'cmake_args' from command line to 'None'
[0.107s] Level 5:colcon.colcon_core.verb:set package 'ur' build argument 'cmake_target' from command line to 'None'
[0.107s] Level 5:colcon.colcon_core.verb:set package 'ur' build argument 'cmake_target_skip_unavailable' from command line to 'False'
[0.107s] Level 5:colcon.colcon_core.verb:set package 'ur' build argument 'cmake_clean_cache' from command line to 'False'
[0.107s] Level 5:colcon.colcon_core.verb:set package 'ur' build argument 'cmake_clean_first' from command line to 'False'
[0.107s] Level 5:colcon.colcon_core.verb:set package 'ur' build argument 'cmake_force_configure' from command line to 'False'
[0.107s] Level 5:colcon.colcon_core.verb:set package 'ur' build argument 'ament_cmake_args' from command line to 'None'
[0.107s] Level 5:colcon.colcon_core.verb:set package 'ur' build argument 'catkin_cmake_args' from command line to 'None'
[0.107s] Level 5:colcon.colcon_core.verb:set package 'ur' build argument 'catkin_skip_building_tests' from command line to 'False'
[0.107s] DEBUG:colcon.colcon_core.verb:Building package 'ur' with the following arguments: {'ament_cmake_args': None, 'build_base': '/home/admin/ros_ws/src/eta_robots/Universal_Robots_ROS2_Driver/build/ur', 'catkin_cmake_args': None, 'catkin_skip_building_tests': False, 'cmake_args': None, 'cmake_clean_cache': False, 'cmake_clean_first': False, 'cmake_force_configure': False, 'cmake_target': None, 'cmake_target_skip_unavailable': False, 'install_base': '/home/admin/ros_ws/src/eta_robots/Universal_Robots_ROS2_Driver/install/ur', 'merge_install': False, 'path': '/home/admin/ros_ws/src/eta_robots/Universal_Robots_ROS2_Driver/ur', 'symlink_install': False, 'test_result_base': None}
[0.107s] INFO:colcon.colcon_core.executor:Executing jobs using 'parallel' executor
[0.108s] DEBUG:colcon.colcon_parallel_executor.executor.parallel:run_until_complete
[0.108s] INFO:colcon.colcon_ros.task.ament_cmake.build:Building ROS package in '/home/admin/ros_ws/src/eta_robots/Universal_Robots_ROS2_Driver/my_ur_msgs' with build type 'ament_cmake'
[0.108s] INFO:colcon.colcon_cmake.task.cmake.build:Building CMake package in '/home/admin/ros_ws/src/eta_robots/Universal_Robots_ROS2_Driver/my_ur_msgs'
[0.110s] INFO:colcon.colcon_core.plugin_system:Skipping extension 'colcon_core.shell.bat': Not used on non-Windows systems
[0.110s] INFO:colcon.colcon_core.shell:Skip shell extension 'powershell' for command environment: Not usable outside of PowerShell
[0.110s] DEBUG:colcon.colcon_core.shell:Skip shell extension 'dsv' for command environment
[0.110s] WARNING:colcon.colcon_ros.prefix_path.ament:The path '/home/admin/ros_ws/install/eta_slam' in the environment variable AMENT_PREFIX_PATH doesn't exist
[0.110s] WARNING:colcon.colcon_ros.prefix_path.ament:The path '/home/admin/ros_ws/install/eta_navigation' in the environment variable AMENT_PREFIX_PATH doesn't exist
[0.110s] WARNING:colcon.colcon_ros.prefix_path.ament:The path '/home/admin/ros_ws/install/eta_hardware' in the environment variable AMENT_PREFIX_PATH doesn't exist
[0.111s] WARNING:colcon.colcon_ros.prefix_path.ament:The path '/home/admin/ros_ws/install/eta_firmware' in the environment variable AMENT_PREFIX_PATH doesn't exist
[0.111s] WARNING:colcon.colcon_ros.prefix_path.ament:The path '/home/admin/ros_ws/install/eta_bringup' in the environment variable AMENT_PREFIX_PATH doesn't exist
[0.111s] WARNING:colcon.colcon_ros.prefix_path.ament:The path '/home/admin/ros_ws/install/eta_control' in the environment variable AMENT_PREFIX_PATH doesn't exist
[0.111s] WARNING:colcon.colcon_ros.prefix_path.ament:The path '/home/admin/ros_ws/install/eta_description' in the environment variable AMENT_PREFIX_PATH doesn't exist
[0.111s] WARNING:colcon.colcon_ros.prefix_path.ament:The path '/home/admin/ros_ws/install/eta_base' in the environment variable AMENT_PREFIX_PATH doesn't exist
[0.111s] WARNING:colcon.colcon_ros.prefix_path.catkin:The path '/home/admin/ros_ws/install/eta_slam' in the environment variable CMAKE_PREFIX_PATH doesn't exist
[0.111s] WARNING:colcon.colcon_ros.prefix_path.catkin:The path '/home/admin/ros_ws/install/eta_navigation' in the environment variable CMAKE_PREFIX_PATH doesn't exist
[0.111s] WARNING:colcon.colcon_ros.prefix_path.catkin:The path '/home/admin/ros_ws/install/eta_hardware' in the environment variable CMAKE_PREFIX_PATH doesn't exist
[0.111s] WARNING:colcon.colcon_ros.prefix_path.catkin:The path '/home/admin/ros_ws/install/eta_firmware' in the environment variable CMAKE_PREFIX_PATH doesn't exist
[0.111s] WARNING:colcon.colcon_ros.prefix_path.catkin:The path '/home/admin/ros_ws/install/eta_bringup' in the environment variable CMAKE_PREFIX_PATH doesn't exist
[0.111s] WARNING:colcon.colcon_ros.prefix_path.catkin:The path '/home/admin/ros_ws/install/eta_control' in the environment variable CMAKE_PREFIX_PATH doesn't exist
[0.111s] WARNING:colcon.colcon_ros.prefix_path.catkin:The path '/home/admin/ros_ws/install/eta_description' in the environment variable CMAKE_PREFIX_PATH doesn't exist
[0.111s] WARNING:colcon.colcon_ros.prefix_path.catkin:The path '/home/admin/ros_ws/install/eta_base' in the environment variable CMAKE_PREFIX_PATH doesn't exist
[0.114s] INFO:colcon.colcon_ros.task.ament_cmake.build:Building ROS package in '/home/admin/ros_ws/src/eta_robots/Universal_Robots_ROS2_Driver/ur_dashboard_msgs' with build type 'ament_cmake'
[0.114s] INFO:colcon.colcon_cmake.task.cmake.build:Building CMake package in '/home/admin/ros_ws/src/eta_robots/Universal_Robots_ROS2_Driver/ur_dashboard_msgs'
[0.114s] INFO:colcon.colcon_core.shell:Skip shell extension 'powershell' for command environment: Not usable outside of PowerShell
[0.114s] DEBUG:colcon.colcon_core.shell:Skip shell extension 'dsv' for command environment
[0.121s] INFO:colcon.colcon_ros.task.ament_cmake.build:Building ROS package in '/home/admin/ros_ws/src/eta_robots/Universal_Robots_ROS2_Driver/ur_moveit_config' with build type 'ament_cmake'
[0.122s] INFO:colcon.colcon_cmake.task.cmake.build:Building CMake package in '/home/admin/ros_ws/src/eta_robots/Universal_Robots_ROS2_Driver/ur_moveit_config'
[0.122s] INFO:colcon.colcon_core.shell:Skip shell extension 'powershell' for command environment: Not usable outside of PowerShell
[0.122s] DEBUG:colcon.colcon_core.shell:Skip shell extension 'dsv' for command environment
[0.133s] DEBUG:colcon.colcon_core.event_handler.log_command:Invoking command in '/home/admin/ros_ws/src/eta_robots/Universal_Robots_ROS2_Driver/build/my_ur_msgs': CMAKE_PREFIX_PATH=${CMAKE_PREFIX_PATH}:/home/admin/ros_ws/install/moveit_configs_utils:/home/admin/ros_ws/install/ros2_controllers_test_nodes:/opt/ros/kilted /usr/bin/cmake /home/admin/ros_ws/src/eta_robots/Universal_Robots_ROS2_Driver/my_ur_msgs -DCMAKE_INSTALL_PREFIX=/home/admin/ros_ws/src/eta_robots/Universal_Robots_ROS2_Driver/install/my_ur_msgs
[0.136s] DEBUG:colcon.colcon_core.event_handler.log_command:Invoking command in '/home/admin/ros_ws/src/eta_robots/Universal_Robots_ROS2_Driver/build/ur_dashboard_msgs': CMAKE_PREFIX_PATH=${CMAKE_PREFIX_PATH}:/home/admin/ros_ws/install/moveit_configs_utils:/home/admin/ros_ws/install/ros2_controllers_test_nodes:/opt/ros/kilted /usr/bin/cmake --build /home/admin/ros_ws/src/eta_robots/Universal_Robots_ROS2_Driver/build/ur_dashboard_msgs -- -j14 -l14
[0.139s] DEBUG:colcon.colcon_core.event_handler.log_command:Invoking command in '/home/admin/ros_ws/src/eta_robots/Universal_Robots_ROS2_Driver/build/ur_moveit_config': CMAKE_PREFIX_PATH=${CMAKE_PREFIX_PATH}:/home/admin/ros_ws/install/moveit_configs_utils:/home/admin/ros_ws/install/ros2_controllers_test_nodes:/opt/ros/kilted /usr/bin/cmake --build /home/admin/ros_ws/src/eta_robots/Universal_Robots_ROS2_Driver/build/ur_moveit_config -- -j14 -l14
[0.168s] DEBUG:colcon.colcon_core.event_handler.log_command:Invoked command in '/home/admin/ros_ws/src/eta_robots/Universal_Robots_ROS2_Driver/build/ur_moveit_config' returned '0': CMAKE_PREFIX_PATH=${CMAKE_PREFIX_PATH}:/home/admin/ros_ws/install/moveit_configs_utils:/home/admin/ros_ws/install/ros2_controllers_test_nodes:/opt/ros/kilted /usr/bin/cmake --build /home/admin/ros_ws/src/eta_robots/Universal_Robots_ROS2_Driver/build/ur_moveit_config -- -j14 -l14
[0.176s] DEBUG:colcon.colcon_core.event_handler.log_command:Invoking command in '/home/admin/ros_ws/src/eta_robots/Universal_Robots_ROS2_Driver/build/ur_moveit_config': CMAKE_PREFIX_PATH=${CMAKE_PREFIX_PATH}:/home/admin/ros_ws/install/moveit_configs_utils:/home/admin/ros_ws/install/ros2_controllers_test_nodes:/opt/ros/kilted /usr/bin/cmake --install /home/admin/ros_ws/src/eta_robots/Universal_Robots_ROS2_Driver/build/ur_moveit_config
[0.184s] Level 1:colcon.colcon_core.environment:create_environment_scripts_only(ur_moveit_config)
[0.187s] DEBUG:colcon.colcon_core.event_handler.log_command:Invoked command in '/home/admin/ros_ws/src/eta_robots/Universal_Robots_ROS2_Driver/build/ur_moveit_config' returned '0': CMAKE_PREFIX_PATH=${CMAKE_PREFIX_PATH}:/home/admin/ros_ws/install/moveit_configs_utils:/home/admin/ros_ws/install/ros2_controllers_test_nodes:/opt/ros/kilted /usr/bin/cmake --install /home/admin/ros_ws/src/eta_robots/Universal_Robots_ROS2_Driver/build/ur_moveit_config
[0.188s] Level 1:colcon.colcon_core.environment:checking '/home/admin/ros_ws/src/eta_robots/Universal_Robots_ROS2_Driver/install/ur_moveit_config' for CMake module files
[0.188s] Level 1:colcon.colcon_core.environment:checking '/home/admin/ros_ws/src/eta_robots/Universal_Robots_ROS2_Driver/install/ur_moveit_config' for CMake config files
[0.189s] Level 1:colcon.colcon_core.shell:create_environment_hook('ur_moveit_config', 'cmake_prefix_path')
[0.189s] INFO:colcon.colcon_core.shell:Creating environment hook '/home/admin/ros_ws/src/eta_robots/Universal_Robots_ROS2_Driver/install/ur_moveit_config/share/ur_moveit_config/hook/cmake_prefix_path.ps1'
[0.190s] INFO:colcon.colcon_core.shell:Creating environment descriptor '/home/admin/ros_ws/src/eta_robots/Universal_Robots_ROS2_Driver/install/ur_moveit_config/share/ur_moveit_config/hook/cmake_prefix_path.dsv'
[0.190s] INFO:colcon.colcon_core.shell:Creating environment hook '/home/admin/ros_ws/src/eta_robots/Universal_Robots_ROS2_Driver/install/ur_moveit_config/share/ur_moveit_config/hook/cmake_prefix_path.sh'
[0.191s] Level 1:colcon.colcon_core.environment:checking '/home/admin/ros_ws/src/eta_robots/Universal_Robots_ROS2_Driver/install/ur_moveit_config/bin'
[0.192s] Level 1:colcon.colcon_core.environment:checking '/home/admin/ros_ws/src/eta_robots/Universal_Robots_ROS2_Driver/install/ur_moveit_config/lib/pkgconfig/ur_moveit_config.pc'
[0.195s] Level 1:colcon.colcon_core.environment:checking '/home/admin/ros_ws/src/eta_robots/Universal_Robots_ROS2_Driver/install/ur_moveit_config/lib/python3.12/site-packages'
[0.195s] Level 1:colcon.colcon_core.environment:checking '/home/admin/ros_ws/src/eta_robots/Universal_Robots_ROS2_Driver/install/ur_moveit_config/bin'
[0.196s] INFO:colcon.colcon_core.shell:Creating package script '/home/admin/ros_ws/src/eta_robots/Universal_Robots_ROS2_Driver/install/ur_moveit_config/share/ur_moveit_config/package.ps1'
[0.197s] INFO:colcon.colcon_core.shell:Creating package descriptor '/home/admin/ros_ws/src/eta_robots/Universal_Robots_ROS2_Driver/install/ur_moveit_config/share/ur_moveit_config/package.dsv'
[0.197s] INFO:colcon.colcon_core.shell:Creating package script '/home/admin/ros_ws/src/eta_robots/Universal_Robots_ROS2_Driver/install/ur_moveit_config/share/ur_moveit_config/package.sh'
[0.198s] INFO:colcon.colcon_core.shell:Creating package script '/home/admin/ros_ws/src/eta_robots/Universal_Robots_ROS2_Driver/install/ur_moveit_config/share/ur_moveit_config/package.bash'
[0.199s] INFO:colcon.colcon_core.shell:Creating package script '/home/admin/ros_ws/src/eta_robots/Universal_Robots_ROS2_Driver/install/ur_moveit_config/share/ur_moveit_config/package.zsh'
[0.199s] Level 1:colcon.colcon_core.environment:create_file_with_runtime_dependencies(/home/admin/ros_ws/src/eta_robots/Universal_Robots_ROS2_Driver/install/ur_moveit_config/share/colcon-core/packages/ur_moveit_config)
[0.200s] Level 1:colcon.colcon_core.environment:create_environment_scripts_only(ur_moveit_config)
[0.200s] Level 1:colcon.colcon_core.environment:checking '/home/admin/ros_ws/src/eta_robots/Universal_Robots_ROS2_Driver/install/ur_moveit_config' for CMake module files
[0.201s] Level 1:colcon.colcon_core.environment:checking '/home/admin/ros_ws/src/eta_robots/Universal_Robots_ROS2_Driver/install/ur_moveit_config' for CMake config files
[0.201s] Level 1:colcon.colcon_core.shell:create_environment_hook('ur_moveit_config', 'cmake_prefix_path')
[0.201s] INFO:colcon.colcon_core.shell:Creating environment hook '/home/admin/ros_ws/src/eta_robots/Universal_Robots_ROS2_Driver/install/ur_moveit_config/share/ur_moveit_config/hook/cmake_prefix_path.ps1'
[0.201s] INFO:colcon.colcon_core.shell:Creating environment descriptor '/home/admin/ros_ws/src/eta_robots/Universal_Robots_ROS2_Driver/install/ur_moveit_config/share/ur_moveit_config/hook/cmake_prefix_path.dsv'
[0.202s] INFO:colcon.colcon_core.shell:Creating environment hook '/home/admin/ros_ws/src/eta_robots/Universal_Robots_ROS2_Driver/install/ur_moveit_config/share/ur_moveit_config/hook/cmake_prefix_path.sh'
[0.202s] Level 1:colcon.colcon_core.environment:checking '/home/admin/ros_ws/src/eta_robots/Universal_Robots_ROS2_Driver/install/ur_moveit_config/bin'
[0.202s] Level 1:colcon.colcon_core.environment:checking '/home/admin/ros_ws/src/eta_robots/Universal_Robots_ROS2_Driver/install/ur_moveit_config/lib/pkgconfig/ur_moveit_config.pc'
[0.203s] Level 1:colcon.colcon_core.environment:checking '/home/admin/ros_ws/src/eta_robots/Universal_Robots_ROS2_Driver/install/ur_moveit_config/lib/python3.12/site-packages'
[0.203s] Level 1:colcon.colcon_core.environment:checking '/home/admin/ros_ws/src/eta_robots/Universal_Robots_ROS2_Driver/install/ur_moveit_config/bin'
[0.203s] INFO:colcon.colcon_core.shell:Creating package script '/home/admin/ros_ws/src/eta_robots/Universal_Robots_ROS2_Driver/install/ur_moveit_config/share/ur_moveit_config/package.ps1'
[0.204s] INFO:colcon.colcon_core.shell:Creating package descriptor '/home/admin/ros_ws/src/eta_robots/Universal_Robots_ROS2_Driver/install/ur_moveit_config/share/ur_moveit_config/package.dsv'
[0.204s] INFO:colcon.colcon_core.shell:Creating package script '/home/admin/ros_ws/src/eta_robots/Universal_Robots_ROS2_Driver/install/ur_moveit_config/share/ur_moveit_config/package.sh'
[0.205s] INFO:colcon.colcon_core.shell:Creating package script '/home/admin/ros_ws/src/eta_robots/Universal_Robots_ROS2_Driver/install/ur_moveit_config/share/ur_moveit_config/package.bash'
[0.205s] INFO:colcon.colcon_core.shell:Creating package script '/home/admin/ros_ws/src/eta_robots/Universal_Robots_ROS2_Driver/install/ur_moveit_config/share/ur_moveit_config/package.zsh'
[0.205s] Level 1:colcon.colcon_core.environment:create_file_with_runtime_dependencies(/home/admin/ros_ws/src/eta_robots/Universal_Robots_ROS2_Driver/install/ur_moveit_config/share/colcon-core/packages/ur_moveit_config)
[0.416s] DEBUG:colcon.colcon_core.event_handler.log_command:Invoked command in '/home/admin/ros_ws/src/eta_robots/Universal_Robots_ROS2_Driver/build/ur_dashboard_msgs' returned '0': CMAKE_PREFIX_PATH=${CMAKE_PREFIX_PATH}:/home/admin/ros_ws/install/moveit_configs_utils:/home/admin/ros_ws/install/ros2_controllers_test_nodes:/opt/ros/kilted /usr/bin/cmake --build /home/admin/ros_ws/src/eta_robots/Universal_Robots_ROS2_Driver/build/ur_dashboard_msgs -- -j14 -l14
[0.417s] DEBUG:colcon.colcon_core.event_handler.log_command:Invoking command in '/home/admin/ros_ws/src/eta_robots/Universal_Robots_ROS2_Driver/build/ur_dashboard_msgs': CMAKE_PREFIX_PATH=${CMAKE_PREFIX_PATH}:/home/admin/ros_ws/install/moveit_configs_utils:/home/admin/ros_ws/install/ros2_controllers_test_nodes:/opt/ros/kilted /usr/bin/cmake --install /home/admin/ros_ws/src/eta_robots/Universal_Robots_ROS2_Driver/build/ur_dashboard_msgs
[0.486s] Level 1:colcon.colcon_core.environment:create_environment_scripts_only(ur_dashboard_msgs)
[0.486s] Level 1:colcon.colcon_core.environment:checking '/home/admin/ros_ws/src/eta_robots/Universal_Robots_ROS2_Driver/install/ur_dashboard_msgs' for CMake module files
[0.486s] DEBUG:colcon.colcon_core.event_handler.log_command:Invoked command in '/home/admin/ros_ws/src/eta_robots/Universal_Robots_ROS2_Driver/build/ur_dashboard_msgs' returned '0': CMAKE_PREFIX_PATH=${CMAKE_PREFIX_PATH}:/home/admin/ros_ws/install/moveit_configs_utils:/home/admin/ros_ws/install/ros2_controllers_test_nodes:/opt/ros/kilted /usr/bin/cmake --install /home/admin/ros_ws/src/eta_robots/Universal_Robots_ROS2_Driver/build/ur_dashboard_msgs
[0.487s] Level 1:colcon.colcon_core.environment:checking '/home/admin/ros_ws/src/eta_robots/Universal_Robots_ROS2_Driver/install/ur_dashboard_msgs' for CMake config files
[0.487s] Level 1:colcon.colcon_core.shell:create_environment_hook('ur_dashboard_msgs', 'cmake_prefix_path')
[0.487s] INFO:colcon.colcon_core.shell:Creating environment hook '/home/admin/ros_ws/src/eta_robots/Universal_Robots_ROS2_Driver/install/ur_dashboard_msgs/share/ur_dashboard_msgs/hook/cmake_prefix_path.ps1'
[0.488s] INFO:colcon.colcon_core.shell:Creating environment descriptor '/home/admin/ros_ws/src/eta_robots/Universal_Robots_ROS2_Driver/install/ur_dashboard_msgs/share/ur_dashboard_msgs/hook/cmake_prefix_path.dsv'
[0.488s] INFO:colcon.colcon_core.shell:Creating environment hook '/home/admin/ros_ws/src/eta_robots/Universal_Robots_ROS2_Driver/install/ur_dashboard_msgs/share/ur_dashboard_msgs/hook/cmake_prefix_path.sh'
[0.488s] Level 1:colcon.colcon_core.environment:checking '/home/admin/ros_ws/src/eta_robots/Universal_Robots_ROS2_Driver/install/ur_dashboard_msgs/lib'
[0.488s] Level 1:colcon.colcon_core.shell:create_environment_hook('ur_dashboard_msgs', 'ld_library_path_lib')
[0.489s] INFO:colcon.colcon_core.shell:Creating environment hook '/home/admin/ros_ws/src/eta_robots/Universal_Robots_ROS2_Driver/install/ur_dashboard_msgs/share/ur_dashboard_msgs/hook/ld_library_path_lib.ps1'
[0.489s] INFO:colcon.colcon_core.shell:Creating environment descriptor '/home/admin/ros_ws/src/eta_robots/Universal_Robots_ROS2_Driver/install/ur_dashboard_msgs/share/ur_dashboard_msgs/hook/ld_library_path_lib.dsv'
[0.489s] INFO:colcon.colcon_core.shell:Creating environment hook '/home/admin/ros_ws/src/eta_robots/Universal_Robots_ROS2_Driver/install/ur_dashboard_msgs/share/ur_dashboard_msgs/hook/ld_library_path_lib.sh'
[0.489s] Level 1:colcon.colcon_core.environment:checking '/home/admin/ros_ws/src/eta_robots/Universal_Robots_ROS2_Driver/install/ur_dashboard_msgs/bin'
[0.489s] Level 1:colcon.colcon_core.environment:checking '/home/admin/ros_ws/src/eta_robots/Universal_Robots_ROS2_Driver/install/ur_dashboard_msgs/lib/pkgconfig/ur_dashboard_msgs.pc'
[0.489s] Level 1:colcon.colcon_core.environment:checking '/home/admin/ros_ws/src/eta_robots/Universal_Robots_ROS2_Driver/install/ur_dashboard_msgs/lib/python3.12/site-packages'
[0.489s] Level 1:colcon.colcon_core.shell:create_environment_hook('ur_dashboard_msgs', 'pythonpath')
[0.490s] INFO:colcon.colcon_core.shell:Creating environment hook '/home/admin/ros_ws/src/eta_robots/Universal_Robots_ROS2_Driver/install/ur_dashboard_msgs/share/ur_dashboard_msgs/hook/pythonpath.ps1'
[0.490s] INFO:colcon.colcon_core.shell:Creating environment descriptor '/home/admin/ros_ws/src/eta_robots/Universal_Robots_ROS2_Driver/install/ur_dashboard_msgs/share/ur_dashboard_msgs/hook/pythonpath.dsv'
[0.490s] INFO:colcon.colcon_core.shell:Creating environment hook '/home/admin/ros_ws/src/eta_robots/Universal_Robots_ROS2_Driver/install/ur_dashboard_msgs/share/ur_dashboard_msgs/hook/pythonpath.sh'
[0.490s] Level 1:colcon.colcon_core.environment:checking '/home/admin/ros_ws/src/eta_robots/Universal_Robots_ROS2_Driver/install/ur_dashboard_msgs/bin'
[0.491s] INFO:colcon.colcon_core.shell:Creating package script '/home/admin/ros_ws/src/eta_robots/Universal_Robots_ROS2_Driver/install/ur_dashboard_msgs/share/ur_dashboard_msgs/package.ps1'
[0.491s] INFO:colcon.colcon_core.shell:Creating package descriptor '/home/admin/ros_ws/src/eta_robots/Universal_Robots_ROS2_Driver/install/ur_dashboard_msgs/share/ur_dashboard_msgs/package.dsv'
[0.491s] INFO:colcon.colcon_core.shell:Creating package script '/home/admin/ros_ws/src/eta_robots/Universal_Robots_ROS2_Driver/install/ur_dashboard_msgs/share/ur_dashboard_msgs/package.sh'
[0.491s] INFO:colcon.colcon_core.shell:Creating package script '/home/admin/ros_ws/src/eta_robots/Universal_Robots_ROS2_Driver/install/ur_dashboard_msgs/share/ur_dashboard_msgs/package.bash'
[0.492s] INFO:colcon.colcon_core.shell:Creating package script '/home/admin/ros_ws/src/eta_robots/Universal_Robots_ROS2_Driver/install/ur_dashboard_msgs/share/ur_dashboard_msgs/package.zsh'
[0.492s] Level 1:colcon.colcon_core.environment:create_file_with_runtime_dependencies(/home/admin/ros_ws/src/eta_robots/Universal_Robots_ROS2_Driver/install/ur_dashboard_msgs/share/colcon-core/packages/ur_dashboard_msgs)
[0.492s] Level 1:colcon.colcon_core.environment:create_environment_scripts_only(ur_dashboard_msgs)
[0.492s] Level 1:colcon.colcon_core.environment:checking '/home/admin/ros_ws/src/eta_robots/Universal_Robots_ROS2_Driver/install/ur_dashboard_msgs' for CMake module files
[0.493s] Level 1:colcon.colcon_core.environment:checking '/home/admin/ros_ws/src/eta_robots/Universal_Robots_ROS2_Driver/install/ur_dashboard_msgs' for CMake config files
[0.493s] Level 1:colcon.colcon_core.shell:create_environment_hook('ur_dashboard_msgs', 'cmake_prefix_path')
[0.493s] INFO:colcon.colcon_core.shell:Creating environment hook '/home/admin/ros_ws/src/eta_robots/Universal_Robots_ROS2_Driver/install/ur_dashboard_msgs/share/ur_dashboard_msgs/hook/cmake_prefix_path.ps1'
[0.494s] INFO:colcon.colcon_core.shell:Creating environment descriptor '/home/admin/ros_ws/src/eta_robots/Universal_Robots_ROS2_Driver/install/ur_dashboard_msgs/share/ur_dashboard_msgs/hook/cmake_prefix_path.dsv'
[0.494s] INFO:colcon.colcon_core.shell:Creating environment hook '/home/admin/ros_ws/src/eta_robots/Universal_Robots_ROS2_Driver/install/ur_dashboard_msgs/share/ur_dashboard_msgs/hook/cmake_prefix_path.sh'
[0.494s] Level 1:colcon.colcon_core.environment:checking '/home/admin/ros_ws/src/eta_robots/Universal_Robots_ROS2_Driver/install/ur_dashboard_msgs/lib'
[0.494s] Level 1:colcon.colcon_core.shell:create_environment_hook('ur_dashboard_msgs', 'ld_library_path_lib')
[0.494s] INFO:colcon.colcon_core.shell:Creating environment hook '/home/admin/ros_ws/src/eta_robots/Universal_Robots_ROS2_Driver/install/ur_dashboard_msgs/share/ur_dashboard_msgs/hook/ld_library_path_lib.ps1'
[0.494s] INFO:colcon.colcon_core.shell:Creating environment descriptor '/home/admin/ros_ws/src/eta_robots/Universal_Robots_ROS2_Driver/install/ur_dashboard_msgs/share/ur_dashboard_msgs/hook/ld_library_path_lib.dsv'
[0.495s] INFO:colcon.colcon_core.shell:Creating environment hook '/home/admin/ros_ws/src/eta_robots/Universal_Robots_ROS2_Driver/install/ur_dashboard_msgs/share/ur_dashboard_msgs/hook/ld_library_path_lib.sh'
[0.495s] Level 1:colcon.colcon_core.environment:checking '/home/admin/ros_ws/src/eta_robots/Universal_Robots_ROS2_Driver/install/ur_dashboard_msgs/bin'
[0.495s] Level 1:colcon.colcon_core.environment:checking '/home/admin/ros_ws/src/eta_robots/Universal_Robots_ROS2_Driver/install/ur_dashboard_msgs/lib/pkgconfig/ur_dashboard_msgs.pc'
[0.495s] Level 1:colcon.colcon_core.environment:checking '/home/admin/ros_ws/src/eta_robots/Universal_Robots_ROS2_Driver/install/ur_dashboard_msgs/lib/python3.12/site-packages'
[0.495s] Level 1:colcon.colcon_core.shell:create_environment_hook('ur_dashboard_msgs', 'pythonpath')
[0.495s] INFO:colcon.colcon_core.shell:Creating environment hook '/home/admin/ros_ws/src/eta_robots/Universal_Robots_ROS2_Driver/install/ur_dashboard_msgs/share/ur_dashboard_msgs/hook/pythonpath.ps1'
[0.495s] INFO:colcon.colcon_core.shell:Creating environment descriptor '/home/admin/ros_ws/src/eta_robots/Universal_Robots_ROS2_Driver/install/ur_dashboard_msgs/share/ur_dashboard_msgs/hook/pythonpath.dsv'
[0.495s] INFO:colcon.colcon_core.shell:Creating environment hook '/home/admin/ros_ws/src/eta_robots/Universal_Robots_ROS2_Driver/install/ur_dashboard_msgs/share/ur_dashboard_msgs/hook/pythonpath.sh'
[0.496s] Level 1:colcon.colcon_core.environment:checking '/home/admin/ros_ws/src/eta_robots/Universal_Robots_ROS2_Driver/install/ur_dashboard_msgs/bin'
[0.496s] INFO:colcon.colcon_core.shell:Creating package script '/home/admin/ros_ws/src/eta_robots/Universal_Robots_ROS2_Driver/install/ur_dashboard_msgs/share/ur_dashboard_msgs/package.ps1'
[0.496s] INFO:colcon.colcon_core.shell:Creating package descriptor '/home/admin/ros_ws/src/eta_robots/Universal_Robots_ROS2_Driver/install/ur_dashboard_msgs/share/ur_dashboard_msgs/package.dsv'
[0.497s] INFO:colcon.colcon_core.shell:Creating package script '/home/admin/ros_ws/src/eta_robots/Universal_Robots_ROS2_Driver/install/ur_dashboard_msgs/share/ur_dashboard_msgs/package.sh'
[0.497s] INFO:colcon.colcon_core.shell:Creating package script '/home/admin/ros_ws/src/eta_robots/Universal_Robots_ROS2_Driver/install/ur_dashboard_msgs/share/ur_dashboard_msgs/package.bash'
[0.497s] INFO:colcon.colcon_core.shell:Creating package script '/home/admin/ros_ws/src/eta_robots/Universal_Robots_ROS2_Driver/install/ur_dashboard_msgs/share/ur_dashboard_msgs/package.zsh'
[0.497s] Level 1:colcon.colcon_core.environment:create_file_with_runtime_dependencies(/home/admin/ros_ws/src/eta_robots/Universal_Robots_ROS2_Driver/install/ur_dashboard_msgs/share/colcon-core/packages/ur_dashboard_msgs)
[1.123s] DEBUG:colcon.colcon_core.event_handler.log_command:Invoked command in '/home/admin/ros_ws/src/eta_robots/Universal_Robots_ROS2_Driver/build/my_ur_msgs' returned '0': CMAKE_PREFIX_PATH=${CMAKE_PREFIX_PATH}:/home/admin/ros_ws/install/moveit_configs_utils:/home/admin/ros_ws/install/ros2_controllers_test_nodes:/opt/ros/kilted /usr/bin/cmake /home/admin/ros_ws/src/eta_robots/Universal_Robots_ROS2_Driver/my_ur_msgs -DCMAKE_INSTALL_PREFIX=/home/admin/ros_ws/src/eta_robots/Universal_Robots_ROS2_Driver/install/my_ur_msgs
[1.124s] DEBUG:colcon.colcon_core.event_handler.log_command:Invoking command in '/home/admin/ros_ws/src/eta_robots/Universal_Robots_ROS2_Driver/build/my_ur_msgs': CMAKE_PREFIX_PATH=${CMAKE_PREFIX_PATH}:/home/admin/ros_ws/install/moveit_configs_utils:/home/admin/ros_ws/install/ros2_controllers_test_nodes:/opt/ros/kilted /usr/bin/cmake --build /home/admin/ros_ws/src/eta_robots/Universal_Robots_ROS2_Driver/build/my_ur_msgs -- -j14 -l14
[3.272s] DEBUG:colcon.colcon_core.event_handler.log_command:Invoked command in '/home/admin/ros_ws/src/eta_robots/Universal_Robots_ROS2_Driver/build/my_ur_msgs' returned '0': CMAKE_PREFIX_PATH=${CMAKE_PREFIX_PATH}:/home/admin/ros_ws/install/moveit_configs_utils:/home/admin/ros_ws/install/ros2_controllers_test_nodes:/opt/ros/kilted /usr/bin/cmake --build /home/admin/ros_ws/src/eta_robots/Universal_Robots_ROS2_Driver/build/my_ur_msgs -- -j14 -l14
[3.274s] DEBUG:colcon.colcon_core.event_handler.log_command:Invoking command in '/home/admin/ros_ws/src/eta_robots/Universal_Robots_ROS2_Driver/build/my_ur_msgs': CMAKE_PREFIX_PATH=${CMAKE_PREFIX_PATH}:/home/admin/ros_ws/install/moveit_configs_utils:/home/admin/ros_ws/install/ros2_controllers_test_nodes:/opt/ros/kilted /usr/bin/cmake --install /home/admin/ros_ws/src/eta_robots/Universal_Robots_ROS2_Driver/build/my_ur_msgs
[3.340s] Level 1:colcon.colcon_core.environment:create_environment_scripts_only(my_ur_msgs)
[3.340s] DEBUG:colcon.colcon_core.event_handler.log_command:Invoked command in '/home/admin/ros_ws/src/eta_robots/Universal_Robots_ROS2_Driver/build/my_ur_msgs' returned '0': CMAKE_PREFIX_PATH=${CMAKE_PREFIX_PATH}:/home/admin/ros_ws/install/moveit_configs_utils:/home/admin/ros_ws/install/ros2_controllers_test_nodes:/opt/ros/kilted /usr/bin/cmake --install /home/admin/ros_ws/src/eta_robots/Universal_Robots_ROS2_Driver/build/my_ur_msgs
[3.340s] Level 1:colcon.colcon_core.environment:checking '/home/admin/ros_ws/src/eta_robots/Universal_Robots_ROS2_Driver/install/my_ur_msgs' for CMake module files
[3.341s] Level 1:colcon.colcon_core.environment:checking '/home/admin/ros_ws/src/eta_robots/Universal_Robots_ROS2_Driver/install/my_ur_msgs' for CMake config files
[3.341s] Level 1:colcon.colcon_core.shell:create_environment_hook('my_ur_msgs', 'cmake_prefix_path')
[3.341s] INFO:colcon.colcon_core.shell:Creating environment hook '/home/admin/ros_ws/src/eta_robots/Universal_Robots_ROS2_Driver/install/my_ur_msgs/share/my_ur_msgs/hook/cmake_prefix_path.ps1'
[3.342s] INFO:colcon.colcon_core.shell:Creating environment descriptor '/home/admin/ros_ws/src/eta_robots/Universal_Robots_ROS2_Driver/install/my_ur_msgs/share/my_ur_msgs/hook/cmake_prefix_path.dsv'
[3.342s] INFO:colcon.colcon_core.shell:Creating environment hook '/home/admin/ros_ws/src/eta_robots/Universal_Robots_ROS2_Driver/install/my_ur_msgs/share/my_ur_msgs/hook/cmake_prefix_path.sh'
[3.342s] Level 1:colcon.colcon_core.environment:checking '/home/admin/ros_ws/src/eta_robots/Universal_Robots_ROS2_Driver/install/my_ur_msgs/lib'
[3.342s] Level 1:colcon.colcon_core.shell:create_environment_hook('my_ur_msgs', 'ld_library_path_lib')
[3.342s] INFO:colcon.colcon_core.shell:Creating environment hook '/home/admin/ros_ws/src/eta_robots/Universal_Robots_ROS2_Driver/install/my_ur_msgs/share/my_ur_msgs/hook/ld_library_path_lib.ps1'
[3.342s] INFO:colcon.colcon_core.shell:Creating environment descriptor '/home/admin/ros_ws/src/eta_robots/Universal_Robots_ROS2_Driver/install/my_ur_msgs/share/my_ur_msgs/hook/ld_library_path_lib.dsv'
[3.343s] INFO:colcon.colcon_core.shell:Creating environment hook '/home/admin/ros_ws/src/eta_robots/Universal_Robots_ROS2_Driver/install/my_ur_msgs/share/my_ur_msgs/hook/ld_library_path_lib.sh'
[3.343s] Level 1:colcon.colcon_core.environment:checking '/home/admin/ros_ws/src/eta_robots/Universal_Robots_ROS2_Driver/install/my_ur_msgs/bin'
[3.343s] Level 1:colcon.colcon_core.environment:checking '/home/admin/ros_ws/src/eta_robots/Universal_Robots_ROS2_Driver/install/my_ur_msgs/lib/pkgconfig/my_ur_msgs.pc'
[3.343s] Level 1:colcon.colcon_core.environment:checking '/home/admin/ros_ws/src/eta_robots/Universal_Robots_ROS2_Driver/install/my_ur_msgs/lib/python3.12/site-packages'
[3.343s] Level 1:colcon.colcon_core.shell:create_environment_hook('my_ur_msgs', 'pythonpath')
[3.343s] INFO:colcon.colcon_core.shell:Creating environment hook '/home/admin/ros_ws/src/eta_robots/Universal_Robots_ROS2_Driver/install/my_ur_msgs/share/my_ur_msgs/hook/pythonpath.ps1'
[3.343s] INFO:colcon.colcon_core.shell:Creating environment descriptor '/home/admin/ros_ws/src/eta_robots/Universal_Robots_ROS2_Driver/install/my_ur_msgs/share/my_ur_msgs/hook/pythonpath.dsv'
[3.343s] INFO:colcon.colcon_core.shell:Creating environment hook '/home/admin/ros_ws/src/eta_robots/Universal_Robots_ROS2_Driver/install/my_ur_msgs/share/my_ur_msgs/hook/pythonpath.sh'
[3.344s] Level 1:colcon.colcon_core.environment:checking '/home/admin/ros_ws/src/eta_robots/Universal_Robots_ROS2_Driver/install/my_ur_msgs/bin'
[3.344s] INFO:colcon.colcon_core.shell:Creating package script '/home/admin/ros_ws/src/eta_robots/Universal_Robots_ROS2_Driver/install/my_ur_msgs/share/my_ur_msgs/package.ps1'
[3.344s] INFO:colcon.colcon_core.shell:Creating package descriptor '/home/admin/ros_ws/src/eta_robots/Universal_Robots_ROS2_Driver/install/my_ur_msgs/share/my_ur_msgs/package.dsv'
[3.345s] INFO:colcon.colcon_core.shell:Creating package script '/home/admin/ros_ws/src/eta_robots/Universal_Robots_ROS2_Driver/install/my_ur_msgs/share/my_ur_msgs/package.sh'
[3.345s] INFO:colcon.colcon_core.shell:Creating package script '/home/admin/ros_ws/src/eta_robots/Universal_Robots_ROS2_Driver/install/my_ur_msgs/share/my_ur_msgs/package.bash'
[3.345s] INFO:colcon.colcon_core.shell:Creating package script '/home/admin/ros_ws/src/eta_robots/Universal_Robots_ROS2_Driver/install/my_ur_msgs/share/my_ur_msgs/package.zsh'
[3.345s] Level 1:colcon.colcon_core.environment:create_file_with_runtime_dependencies(/home/admin/ros_ws/src/eta_robots/Universal_Robots_ROS2_Driver/install/my_ur_msgs/share/colcon-core/packages/my_ur_msgs)
[3.345s] Level 1:colcon.colcon_core.environment:create_environment_scripts_only(my_ur_msgs)
[3.345s] Level 1:colcon.colcon_core.environment:checking '/home/admin/ros_ws/src/eta_robots/Universal_Robots_ROS2_Driver/install/my_ur_msgs' for CMake module files
[3.346s] Level 1:colcon.colcon_core.environment:checking '/home/admin/ros_ws/src/eta_robots/Universal_Robots_ROS2_Driver/install/my_ur_msgs' for CMake config files
[3.346s] Level 1:colcon.colcon_core.shell:create_environment_hook('my_ur_msgs', 'cmake_prefix_path')
[3.346s] INFO:colcon.colcon_core.shell:Creating environment hook '/home/admin/ros_ws/src/eta_robots/Universal_Robots_ROS2_Driver/install/my_ur_msgs/share/my_ur_msgs/hook/cmake_prefix_path.ps1'
[3.346s] INFO:colcon.colcon_core.shell:Creating environment descriptor '/home/admin/ros_ws/src/eta_robots/Universal_Robots_ROS2_Driver/install/my_ur_msgs/share/my_ur_msgs/hook/cmake_prefix_path.dsv'
[3.346s] INFO:colcon.colcon_core.shell:Creating environment hook '/home/admin/ros_ws/src/eta_robots/Universal_Robots_ROS2_Driver/install/my_ur_msgs/share/my_ur_msgs/hook/cmake_prefix_path.sh'
[3.347s] Level 1:colcon.colcon_core.environment:checking '/home/admin/ros_ws/src/eta_robots/Universal_Robots_ROS2_Driver/install/my_ur_msgs/lib'
[3.347s] Level 1:colcon.colcon_core.shell:create_environment_hook('my_ur_msgs', 'ld_library_path_lib')
[3.347s] INFO:colcon.colcon_core.shell:Creating environment hook '/home/admin/ros_ws/src/eta_robots/Universal_Robots_ROS2_Driver/install/my_ur_msgs/share/my_ur_msgs/hook/ld_library_path_lib.ps1'
[3.347s] INFO:colcon.colcon_core.shell:Creating environment descriptor '/home/admin/ros_ws/src/eta_robots/Universal_Robots_ROS2_Driver/install/my_ur_msgs/share/my_ur_msgs/hook/ld_library_path_lib.dsv'
[3.347s] INFO:colcon.colcon_core.shell:Creating environment hook '/home/admin/ros_ws/src/eta_robots/Universal_Robots_ROS2_Driver/install/my_ur_msgs/share/my_ur_msgs/hook/ld_library_path_lib.sh'
[3.347s] Level 1:colcon.colcon_core.environment:checking '/home/admin/ros_ws/src/eta_robots/Universal_Robots_ROS2_Driver/install/my_ur_msgs/bin'
[3.347s] Level 1:colcon.colcon_core.environment:checking '/home/admin/ros_ws/src/eta_robots/Universal_Robots_ROS2_Driver/install/my_ur_msgs/lib/pkgconfig/my_ur_msgs.pc'
[3.348s] Level 1:colcon.colcon_core.environment:checking '/home/admin/ros_ws/src/eta_robots/Universal_Robots_ROS2_Driver/install/my_ur_msgs/lib/python3.12/site-packages'
[3.348s] Level 1:colcon.colcon_core.shell:create_environment_hook('my_ur_msgs', 'pythonpath')
[3.348s] INFO:colcon.colcon_core.shell:Creating environment hook '/home/admin/ros_ws/src/eta_robots/Universal_Robots_ROS2_Driver/install/my_ur_msgs/share/my_ur_msgs/hook/pythonpath.ps1'
[3.348s] INFO:colcon.colcon_core.shell:Creating environment descriptor '/home/admin/ros_ws/src/eta_robots/Universal_Robots_ROS2_Driver/install/my_ur_msgs/share/my_ur_msgs/hook/pythonpath.dsv'
[3.348s] INFO:colcon.colcon_core.shell:Creating environment hook '/home/admin/ros_ws/src/eta_robots/Universal_Robots_ROS2_Driver/install/my_ur_msgs/share/my_ur_msgs/hook/pythonpath.sh'
[3.348s] Level 1:colcon.colcon_core.environment:checking '/home/admin/ros_ws/src/eta_robots/Universal_Robots_ROS2_Driver/install/my_ur_msgs/bin'
[3.348s] INFO:colcon.colcon_core.shell:Creating package script '/home/admin/ros_ws/src/eta_robots/Universal_Robots_ROS2_Driver/install/my_ur_msgs/share/my_ur_msgs/package.ps1'
[3.349s] INFO:colcon.colcon_core.shell:Creating package descriptor '/home/admin/ros_ws/src/eta_robots/Universal_Robots_ROS2_Driver/install/my_ur_msgs/share/my_ur_msgs/package.dsv'
[3.349s] INFO:colcon.colcon_core.shell:Creating package script '/home/admin/ros_ws/src/eta_robots/Universal_Robots_ROS2_Driver/install/my_ur_msgs/share/my_ur_msgs/package.sh'
[3.349s] INFO:colcon.colcon_core.shell:Creating package script '/home/admin/ros_ws/src/eta_robots/Universal_Robots_ROS2_Driver/install/my_ur_msgs/share/my_ur_msgs/package.bash'
[3.350s] INFO:colcon.colcon_core.shell:Creating package script '/home/admin/ros_ws/src/eta_robots/Universal_Robots_ROS2_Driver/install/my_ur_msgs/share/my_ur_msgs/package.zsh'
[3.350s] Level 1:colcon.colcon_core.environment:create_file_with_runtime_dependencies(/home/admin/ros_ws/src/eta_robots/Universal_Robots_ROS2_Driver/install/my_ur_msgs/share/colcon-core/packages/my_ur_msgs)
[3.350s] INFO:colcon.colcon_ros.task.ament_cmake.build:Building ROS package in '/home/admin/ros_ws/src/eta_robots/Universal_Robots_ROS2_Driver/ur_controllers' with build type 'ament_cmake'
[3.350s] INFO:colcon.colcon_cmake.task.cmake.build:Building CMake package in '/home/admin/ros_ws/src/eta_robots/Universal_Robots_ROS2_Driver/ur_controllers'
[3.350s] INFO:colcon.colcon_core.shell:Skip shell extension 'powershell' for command environment: Not usable outside of PowerShell
[3.350s] DEBUG:colcon.colcon_core.shell:Skip shell extension 'dsv' for command environment
[3.363s] DEBUG:colcon.colcon_core.event_handler.log_command:Invoking command in '/home/admin/ros_ws/src/eta_robots/Universal_Robots_ROS2_Driver/build/ur_controllers': AMENT_PREFIX_PATH=/home/admin/ros_ws/src/eta_robots/Universal_Robots_ROS2_Driver/install/ur_dashboard_msgs:/home/admin/ros_ws/src/eta_robots/Universal_Robots_ROS2_Driver/install/my_ur_msgs:${AMENT_PREFIX_PATH} CMAKE_PREFIX_PATH=/home/admin/ros_ws/src/eta_robots/Universal_Robots_ROS2_Driver/install/ur_dashboard_msgs:/home/admin/ros_ws/src/eta_robots/Universal_Robots_ROS2_Driver/install/my_ur_msgs:/home/admin/ros_ws/install/my_ur_msgs:/home/admin/ros_ws/install/ur_controllers:/home/admin/ros_ws/install/ur_msgs:/home/admin/ros_ws/install/ur_moveit_config:/home/admin/ros_ws/install/ur_description:/home/admin/ros_ws/install/ur_dashboard_msgs:/home/admin/ros_ws/install/ur_client_library:/home/admin/ros_ws/install/srdfdom:/home/admin/ros_ws/install/ros2_control_test_assets:/home/admin/ros_ws/install/joint_limits:/home/admin/ros_ws/install/realtime_tools:/home/admin/ros_ws/install/moveit_resources_prbt_support:/home/admin/ros_ws/install/moveit_resources_pr2_description:/home/admin/ros_ws/install/dual_arm_panda_moveit_config:/home/admin/ros_ws/install/moveit_resources_panda_description:/home/admin/ros_ws/install/moveit_resources_fanuc_description:/home/admin/ros_ws/install/moveit_common:/home/admin/ros_ws/install/kinematics_interface_kdl:/home/admin/ros_ws/install/kinematics_interface:/home/admin/ros_ws/install/controller_manager_msgs:/home/admin/ros_ws/install/eta_slam:/home/admin/ros_ws/install/eta_navigation:/home/admin/ros_ws/install/eta_hardware:/home/admin/ros_ws/install/eta_firmware:/home/admin/ros_ws/install/eta_bringup:/home/admin/ros_ws/install/eta_control:/home/admin/ros_ws/install/eta_description:/home/admin/ros_ws/install/eta_base:/opt/ros/kilted/opt/gz_sim_vendor:/opt/ros/kilted/opt/gz_sensors_vendor:/opt/ros/kilted/opt/gz_physics_vendor:/opt/ros/kilted/opt/sdformat_vendor:/opt/ros/kilted/opt/gz_gui_vendor:/opt/ros/kilted/opt/gz_transport_vendor:/opt/ros/kilted/opt/gz_rendering_vendor:/opt/ros/kilted/opt/gz_plugin_vendor:/opt/ros/kilted/opt/gz_fuel_tools_vendor:/opt/ros/kilted/opt/gz_msgs_vendor:/opt/ros/kilted/opt/gz_common_vendor:/opt/ros/kilted/opt/gz_math_vendor:/opt/ros/kilted/opt/gz_utils_vendor:/opt/ros/kilted/opt/gz_tools_vendor:/opt/ros/kilted/opt/gz_ogre_next_vendor:/opt/ros/kilted/opt/gz_dartsim_vendor:/opt/ros/kilted/opt/gz_cmake_vendor:/home/admin/ros_ws/install/moveit_configs_utils:/home/admin/ros_ws/install/ros2_controllers_test_nodes:/opt/ros/kilted LD_LIBRARY_PATH=/home/admin/ros_ws/src/eta_robots/Universal_Robots_ROS2_Driver/install/ur_dashboard_msgs/lib:/home/admin/ros_ws/src/eta_robots/Universal_Robots_ROS2_Driver/install/my_ur_msgs/lib:${LD_LIBRARY_PATH} PYTHONPATH=/home/admin/ros_ws/src/eta_robots/Universal_Robots_ROS2_Driver/install/ur_dashboard_msgs/lib/python3.12/site-packages:/home/admin/ros_ws/src/eta_robots/Universal_Robots_ROS2_Driver/install/my_ur_msgs/lib/python3.12/site-packages:${PYTHONPATH} /usr/bin/cmake /home/admin/ros_ws/src/eta_robots/Universal_Robots_ROS2_Driver/ur_controllers -DCMAKE_INSTALL_PREFIX=/home/admin/ros_ws/src/eta_robots/Universal_Robots_ROS2_Driver/install/ur_controllers
[4.916s] DEBUG:colcon.colcon_core.event_handler.log_command:Invoked command in '/home/admin/ros_ws/src/eta_robots/Universal_Robots_ROS2_Driver/build/ur_controllers' returned '0': AMENT_PREFIX_PATH=/home/admin/ros_ws/src/eta_robots/Universal_Robots_ROS2_Driver/install/ur_dashboard_msgs:/home/admin/ros_ws/src/eta_robots/Universal_Robots_ROS2_Driver/install/my_ur_msgs:${AMENT_PREFIX_PATH} CMAKE_PREFIX_PATH=/home/admin/ros_ws/src/eta_robots/Universal_Robots_ROS2_Driver/install/ur_dashboard_msgs:/home/admin/ros_ws/src/eta_robots/Universal_Robots_ROS2_Driver/install/my_ur_msgs:/home/admin/ros_ws/install/my_ur_msgs:/home/admin/ros_ws/install/ur_controllers:/home/admin/ros_ws/install/ur_msgs:/home/admin/ros_ws/install/ur_moveit_config:/home/admin/ros_ws/install/ur_description:/home/admin/ros_ws/install/ur_dashboard_msgs:/home/admin/ros_ws/install/ur_client_library:/home/admin/ros_ws/install/srdfdom:/home/admin/ros_ws/install/ros2_control_test_assets:/home/admin/ros_ws/install/joint_limits:/home/admin/ros_ws/install/realtime_tools:/home/admin/ros_ws/install/moveit_resources_prbt_support:/home/admin/ros_ws/install/moveit_resources_pr2_description:/home/admin/ros_ws/install/dual_arm_panda_moveit_config:/home/admin/ros_ws/install/moveit_resources_panda_description:/home/admin/ros_ws/install/moveit_resources_fanuc_description:/home/admin/ros_ws/install/moveit_common:/home/admin/ros_ws/install/kinematics_interface_kdl:/home/admin/ros_ws/install/kinematics_interface:/home/admin/ros_ws/install/controller_manager_msgs:/home/admin/ros_ws/install/eta_slam:/home/admin/ros_ws/install/eta_navigation:/home/admin/ros_ws/install/eta_hardware:/home/admin/ros_ws/install/eta_firmware:/home/admin/ros_ws/install/eta_bringup:/home/admin/ros_ws/install/eta_control:/home/admin/ros_ws/install/eta_description:/home/admin/ros_ws/install/eta_base:/opt/ros/kilted/opt/gz_sim_vendor:/opt/ros/kilted/opt/gz_sensors_vendor:/opt/ros/kilted/opt/gz_physics_vendor:/opt/ros/kilted/opt/sdformat_vendor:/opt/ros/kilted/opt/gz_gui_vendor:/opt/ros/kilted/opt/gz_transport_vendor:/opt/ros/kilted/opt/gz_rendering_vendor:/opt/ros/kilted/opt/gz_plugin_vendor:/opt/ros/kilted/opt/gz_fuel_tools_vendor:/opt/ros/kilted/opt/gz_msgs_vendor:/opt/ros/kilted/opt/gz_common_vendor:/opt/ros/kilted/opt/gz_math_vendor:/opt/ros/kilted/opt/gz_utils_vendor:/opt/ros/kilted/opt/gz_tools_vendor:/opt/ros/kilted/opt/gz_ogre_next_vendor:/opt/ros/kilted/opt/gz_dartsim_vendor:/opt/ros/kilted/opt/gz_cmake_vendor:/home/admin/ros_ws/install/moveit_configs_utils:/home/admin/ros_ws/install/ros2_controllers_test_nodes:/opt/ros/kilted LD_LIBRARY_PATH=/home/admin/ros_ws/src/eta_robots/Universal_Robots_ROS2_Driver/install/ur_dashboard_msgs/lib:/home/admin/ros_ws/src/eta_robots/Universal_Robots_ROS2_Driver/install/my_ur_msgs/lib:${LD_LIBRARY_PATH} PYTHONPATH=/home/admin/ros_ws/src/eta_robots/Universal_Robots_ROS2_Driver/install/ur_dashboard_msgs/lib/python3.12/site-packages:/home/admin/ros_ws/src/eta_robots/Universal_Robots_ROS2_Driver/install/my_ur_msgs/lib/python3.12/site-packages:${PYTHONPATH} /usr/bin/cmake /home/admin/ros_ws/src/eta_robots/Universal_Robots_ROS2_Driver/ur_controllers -DCMAKE_INSTALL_PREFIX=/home/admin/ros_ws/src/eta_robots/Universal_Robots_ROS2_Driver/install/ur_controllers
[4.917s] DEBUG:colcon.colcon_core.event_handler.log_command:Invoking command in '/home/admin/ros_ws/src/eta_robots/Universal_Robots_ROS2_Driver/build/ur_controllers': AMENT_PREFIX_PATH=/home/admin/ros_ws/src/eta_robots/Universal_Robots_ROS2_Driver/install/ur_dashboard_msgs:/home/admin/ros_ws/src/eta_robots/Universal_Robots_ROS2_Driver/install/my_ur_msgs:${AMENT_PREFIX_PATH} CMAKE_PREFIX_PATH=/home/admin/ros_ws/src/eta_robots/Universal_Robots_ROS2_Driver/install/ur_dashboard_msgs:/home/admin/ros_ws/src/eta_robots/Universal_Robots_ROS2_Driver/install/my_ur_msgs:/home/admin/ros_ws/install/my_ur_msgs:/home/admin/ros_ws/install/ur_controllers:/home/admin/ros_ws/install/ur_msgs:/home/admin/ros_ws/install/ur_moveit_config:/home/admin/ros_ws/install/ur_description:/home/admin/ros_ws/install/ur_dashboard_msgs:/home/admin/ros_ws/install/ur_client_library:/home/admin/ros_ws/install/srdfdom:/home/admin/ros_ws/install/ros2_control_test_assets:/home/admin/ros_ws/install/joint_limits:/home/admin/ros_ws/install/realtime_tools:/home/admin/ros_ws/install/moveit_resources_prbt_support:/home/admin/ros_ws/install/moveit_resources_pr2_description:/home/admin/ros_ws/install/dual_arm_panda_moveit_config:/home/admin/ros_ws/install/moveit_resources_panda_description:/home/admin/ros_ws/install/moveit_resources_fanuc_description:/home/admin/ros_ws/install/moveit_common:/home/admin/ros_ws/install/kinematics_interface_kdl:/home/admin/ros_ws/install/kinematics_interface:/home/admin/ros_ws/install/controller_manager_msgs:/home/admin/ros_ws/install/eta_slam:/home/admin/ros_ws/install/eta_navigation:/home/admin/ros_ws/install/eta_hardware:/home/admin/ros_ws/install/eta_firmware:/home/admin/ros_ws/install/eta_bringup:/home/admin/ros_ws/install/eta_control:/home/admin/ros_ws/install/eta_description:/home/admin/ros_ws/install/eta_base:/opt/ros/kilted/opt/gz_sim_vendor:/opt/ros/kilted/opt/gz_sensors_vendor:/opt/ros/kilted/opt/gz_physics_vendor:/opt/ros/kilted/opt/sdformat_vendor:/opt/ros/kilted/opt/gz_gui_vendor:/opt/ros/kilted/opt/gz_transport_vendor:/opt/ros/kilted/opt/gz_rendering_vendor:/opt/ros/kilted/opt/gz_plugin_vendor:/opt/ros/kilted/opt/gz_fuel_tools_vendor:/opt/ros/kilted/opt/gz_msgs_vendor:/opt/ros/kilted/opt/gz_common_vendor:/opt/ros/kilted/opt/gz_math_vendor:/opt/ros/kilted/opt/gz_utils_vendor:/opt/ros/kilted/opt/gz_tools_vendor:/opt/ros/kilted/opt/gz_ogre_next_vendor:/opt/ros/kilted/opt/gz_dartsim_vendor:/opt/ros/kilted/opt/gz_cmake_vendor:/home/admin/ros_ws/install/moveit_configs_utils:/home/admin/ros_ws/install/ros2_controllers_test_nodes:/opt/ros/kilted LD_LIBRARY_PATH=/home/admin/ros_ws/src/eta_robots/Universal_Robots_ROS2_Driver/install/ur_dashboard_msgs/lib:/home/admin/ros_ws/src/eta_robots/Universal_Robots_ROS2_Driver/install/my_ur_msgs/lib:${LD_LIBRARY_PATH} PYTHONPATH=/home/admin/ros_ws/src/eta_robots/Universal_Robots_ROS2_Driver/install/ur_dashboard_msgs/lib/python3.12/site-packages:/home/admin/ros_ws/src/eta_robots/Universal_Robots_ROS2_Driver/install/my_ur_msgs/lib/python3.12/site-packages:${PYTHONPATH} /usr/bin/cmake --build /home/admin/ros_ws/src/eta_robots/Universal_Robots_ROS2_Driver/build/ur_controllers -- -j14 -l14
[16.212s] DEBUG:colcon.colcon_core.event_handler.log_command:Invoked command in '/home/admin/ros_ws/src/eta_robots/Universal_Robots_ROS2_Driver/build/ur_controllers' returned '0': AMENT_PREFIX_PATH=/home/admin/ros_ws/src/eta_robots/Universal_Robots_ROS2_Driver/install/ur_dashboard_msgs:/home/admin/ros_ws/src/eta_robots/Universal_Robots_ROS2_Driver/install/my_ur_msgs:${AMENT_PREFIX_PATH} CMAKE_PREFIX_PATH=/home/admin/ros_ws/src/eta_robots/Universal_Robots_ROS2_Driver/install/ur_dashboard_msgs:/home/admin/ros_ws/src/eta_robots/Universal_Robots_ROS2_Driver/install/my_ur_msgs:/home/admin/ros_ws/install/my_ur_msgs:/home/admin/ros_ws/install/ur_controllers:/home/admin/ros_ws/install/ur_msgs:/home/admin/ros_ws/install/ur_moveit_config:/home/admin/ros_ws/install/ur_description:/home/admin/ros_ws/install/ur_dashboard_msgs:/home/admin/ros_ws/install/ur_client_library:/home/admin/ros_ws/install/srdfdom:/home/admin/ros_ws/install/ros2_control_test_assets:/home/admin/ros_ws/install/joint_limits:/home/admin/ros_ws/install/realtime_tools:/home/admin/ros_ws/install/moveit_resources_prbt_support:/home/admin/ros_ws/install/moveit_resources_pr2_description:/home/admin/ros_ws/install/dual_arm_panda_moveit_config:/home/admin/ros_ws/install/moveit_resources_panda_description:/home/admin/ros_ws/install/moveit_resources_fanuc_description:/home/admin/ros_ws/install/moveit_common:/home/admin/ros_ws/install/kinematics_interface_kdl:/home/admin/ros_ws/install/kinematics_interface:/home/admin/ros_ws/install/controller_manager_msgs:/home/admin/ros_ws/install/eta_slam:/home/admin/ros_ws/install/eta_navigation:/home/admin/ros_ws/install/eta_hardware:/home/admin/ros_ws/install/eta_firmware:/home/admin/ros_ws/install/eta_bringup:/home/admin/ros_ws/install/eta_control:/home/admin/ros_ws/install/eta_description:/home/admin/ros_ws/install/eta_base:/opt/ros/kilted/opt/gz_sim_vendor:/opt/ros/kilted/opt/gz_sensors_vendor:/opt/ros/kilted/opt/gz_physics_vendor:/opt/ros/kilted/opt/sdformat_vendor:/opt/ros/kilted/opt/gz_gui_vendor:/opt/ros/kilted/opt/gz_transport_vendor:/opt/ros/kilted/opt/gz_rendering_vendor:/opt/ros/kilted/opt/gz_plugin_vendor:/opt/ros/kilted/opt/gz_fuel_tools_vendor:/opt/ros/kilted/opt/gz_msgs_vendor:/opt/ros/kilted/opt/gz_common_vendor:/opt/ros/kilted/opt/gz_math_vendor:/opt/ros/kilted/opt/gz_utils_vendor:/opt/ros/kilted/opt/gz_tools_vendor:/opt/ros/kilted/opt/gz_ogre_next_vendor:/opt/ros/kilted/opt/gz_dartsim_vendor:/opt/ros/kilted/opt/gz_cmake_vendor:/home/admin/ros_ws/install/moveit_configs_utils:/home/admin/ros_ws/install/ros2_controllers_test_nodes:/opt/ros/kilted LD_LIBRARY_PATH=/home/admin/ros_ws/src/eta_robots/Universal_Robots_ROS2_Driver/install/ur_dashboard_msgs/lib:/home/admin/ros_ws/src/eta_robots/Universal_Robots_ROS2_Driver/install/my_ur_msgs/lib:${LD_LIBRARY_PATH} PYTHONPATH=/home/admin/ros_ws/src/eta_robots/Universal_Robots_ROS2_Driver/install/ur_dashboard_msgs/lib/python3.12/site-packages:/home/admin/ros_ws/src/eta_robots/Universal_Robots_ROS2_Driver/install/my_ur_msgs/lib/python3.12/site-packages:${PYTHONPATH} /usr/bin/cmake --build /home/admin/ros_ws/src/eta_robots/Universal_Robots_ROS2_Driver/build/ur_controllers -- -j14 -l14
[16.213s] DEBUG:colcon.colcon_core.event_handler.log_command:Invoking command in '/home/admin/ros_ws/src/eta_robots/Universal_Robots_ROS2_Driver/build/ur_controllers': AMENT_PREFIX_PATH=/home/admin/ros_ws/src/eta_robots/Universal_Robots_ROS2_Driver/install/ur_dashboard_msgs:/home/admin/ros_ws/src/eta_robots/Universal_Robots_ROS2_Driver/install/my_ur_msgs:${AMENT_PREFIX_PATH} CMAKE_PREFIX_PATH=/home/admin/ros_ws/src/eta_robots/Universal_Robots_ROS2_Driver/install/ur_dashboard_msgs:/home/admin/ros_ws/src/eta_robots/Universal_Robots_ROS2_Driver/install/my_ur_msgs:/home/admin/ros_ws/install/my_ur_msgs:/home/admin/ros_ws/install/ur_controllers:/home/admin/ros_ws/install/ur_msgs:/home/admin/ros_ws/install/ur_moveit_config:/home/admin/ros_ws/install/ur_description:/home/admin/ros_ws/install/ur_dashboard_msgs:/home/admin/ros_ws/install/ur_client_library:/home/admin/ros_ws/install/srdfdom:/home/admin/ros_ws/install/ros2_control_test_assets:/home/admin/ros_ws/install/joint_limits:/home/admin/ros_ws/install/realtime_tools:/home/admin/ros_ws/install/moveit_resources_prbt_support:/home/admin/ros_ws/install/moveit_resources_pr2_description:/home/admin/ros_ws/install/dual_arm_panda_moveit_config:/home/admin/ros_ws/install/moveit_resources_panda_description:/home/admin/ros_ws/install/moveit_resources_fanuc_description:/home/admin/ros_ws/install/moveit_common:/home/admin/ros_ws/install/kinematics_interface_kdl:/home/admin/ros_ws/install/kinematics_interface:/home/admin/ros_ws/install/controller_manager_msgs:/home/admin/ros_ws/install/eta_slam:/home/admin/ros_ws/install/eta_navigation:/home/admin/ros_ws/install/eta_hardware:/home/admin/ros_ws/install/eta_firmware:/home/admin/ros_ws/install/eta_bringup:/home/admin/ros_ws/install/eta_control:/home/admin/ros_ws/install/eta_description:/home/admin/ros_ws/install/eta_base:/opt/ros/kilted/opt/gz_sim_vendor:/opt/ros/kilted/opt/gz_sensors_vendor:/opt/ros/kilted/opt/gz_physics_vendor:/opt/ros/kilted/opt/sdformat_vendor:/opt/ros/kilted/opt/gz_gui_vendor:/opt/ros/kilted/opt/gz_transport_vendor:/opt/ros/kilted/opt/gz_rendering_vendor:/opt/ros/kilted/opt/gz_plugin_vendor:/opt/ros/kilted/opt/gz_fuel_tools_vendor:/opt/ros/kilted/opt/gz_msgs_vendor:/opt/ros/kilted/opt/gz_common_vendor:/opt/ros/kilted/opt/gz_math_vendor:/opt/ros/kilted/opt/gz_utils_vendor:/opt/ros/kilted/opt/gz_tools_vendor:/opt/ros/kilted/opt/gz_ogre_next_vendor:/opt/ros/kilted/opt/gz_dartsim_vendor:/opt/ros/kilted/opt/gz_cmake_vendor:/home/admin/ros_ws/install/moveit_configs_utils:/home/admin/ros_ws/install/ros2_controllers_test_nodes:/opt/ros/kilted LD_LIBRARY_PATH=/home/admin/ros_ws/src/eta_robots/Universal_Robots_ROS2_Driver/install/ur_dashboard_msgs/lib:/home/admin/ros_ws/src/eta_robots/Universal_Robots_ROS2_Driver/install/my_ur_msgs/lib:${LD_LIBRARY_PATH} PYTHONPATH=/home/admin/ros_ws/src/eta_robots/Universal_Robots_ROS2_Driver/install/ur_dashboard_msgs/lib/python3.12/site-packages:/home/admin/ros_ws/src/eta_robots/Universal_Robots_ROS2_Driver/install/my_ur_msgs/lib/python3.12/site-packages:${PYTHONPATH} /usr/bin/cmake --install /home/admin/ros_ws/src/eta_robots/Universal_Robots_ROS2_Driver/build/ur_controllers
[16.233s] Level 1:colcon.colcon_core.environment:create_environment_scripts_only(ur_controllers)
[16.233s] Level 1:colcon.colcon_core.environment:checking '/home/admin/ros_ws/src/eta_robots/Universal_Robots_ROS2_Driver/install/ur_controllers' for CMake module files
[16.233s] DEBUG:colcon.colcon_core.event_handler.log_command:Invoked command in '/home/admin/ros_ws/src/eta_robots/Universal_Robots_ROS2_Driver/build/ur_controllers' returned '0': AMENT_PREFIX_PATH=/home/admin/ros_ws/src/eta_robots/Universal_Robots_ROS2_Driver/install/ur_dashboard_msgs:/home/admin/ros_ws/src/eta_robots/Universal_Robots_ROS2_Driver/install/my_ur_msgs:${AMENT_PREFIX_PATH} CMAKE_PREFIX_PATH=/home/admin/ros_ws/src/eta_robots/Universal_Robots_ROS2_Driver/install/ur_dashboard_msgs:/home/admin/ros_ws/src/eta_robots/Universal_Robots_ROS2_Driver/install/my_ur_msgs:/home/admin/ros_ws/install/my_ur_msgs:/home/admin/ros_ws/install/ur_controllers:/home/admin/ros_ws/install/ur_msgs:/home/admin/ros_ws/install/ur_moveit_config:/home/admin/ros_ws/install/ur_description:/home/admin/ros_ws/install/ur_dashboard_msgs:/home/admin/ros_ws/install/ur_client_library:/home/admin/ros_ws/install/srdfdom:/home/admin/ros_ws/install/ros2_control_test_assets:/home/admin/ros_ws/install/joint_limits:/home/admin/ros_ws/install/realtime_tools:/home/admin/ros_ws/install/moveit_resources_prbt_support:/home/admin/ros_ws/install/moveit_resources_pr2_description:/home/admin/ros_ws/install/dual_arm_panda_moveit_config:/home/admin/ros_ws/install/moveit_resources_panda_description:/home/admin/ros_ws/install/moveit_resources_fanuc_description:/home/admin/ros_ws/install/moveit_common:/home/admin/ros_ws/install/kinematics_interface_kdl:/home/admin/ros_ws/install/kinematics_interface:/home/admin/ros_ws/install/controller_manager_msgs:/home/admin/ros_ws/install/eta_slam:/home/admin/ros_ws/install/eta_navigation:/home/admin/ros_ws/install/eta_hardware:/home/admin/ros_ws/install/eta_firmware:/home/admin/ros_ws/install/eta_bringup:/home/admin/ros_ws/install/eta_control:/home/admin/ros_ws/install/eta_description:/home/admin/ros_ws/install/eta_base:/opt/ros/kilted/opt/gz_sim_vendor:/opt/ros/kilted/opt/gz_sensors_vendor:/opt/ros/kilted/opt/gz_physics_vendor:/opt/ros/kilted/opt/sdformat_vendor:/opt/ros/kilted/opt/gz_gui_vendor:/opt/ros/kilted/opt/gz_transport_vendor:/opt/ros/kilted/opt/gz_rendering_vendor:/opt/ros/kilted/opt/gz_plugin_vendor:/opt/ros/kilted/opt/gz_fuel_tools_vendor:/opt/ros/kilted/opt/gz_msgs_vendor:/opt/ros/kilted/opt/gz_common_vendor:/opt/ros/kilted/opt/gz_math_vendor:/opt/ros/kilted/opt/gz_utils_vendor:/opt/ros/kilted/opt/gz_tools_vendor:/opt/ros/kilted/opt/gz_ogre_next_vendor:/opt/ros/kilted/opt/gz_dartsim_vendor:/opt/ros/kilted/opt/gz_cmake_vendor:/home/admin/ros_ws/install/moveit_configs_utils:/home/admin/ros_ws/install/ros2_controllers_test_nodes:/opt/ros/kilted LD_LIBRARY_PATH=/home/admin/ros_ws/src/eta_robots/Universal_Robots_ROS2_Driver/install/ur_dashboard_msgs/lib:/home/admin/ros_ws/src/eta_robots/Universal_Robots_ROS2_Driver/install/my_ur_msgs/lib:${LD_LIBRARY_PATH} PYTHONPATH=/home/admin/ros_ws/src/eta_robots/Universal_Robots_ROS2_Driver/install/ur_dashboard_msgs/lib/python3.12/site-packages:/home/admin/ros_ws/src/eta_robots/Universal_Robots_ROS2_Driver/install/my_ur_msgs/lib/python3.12/site-packages:${PYTHONPATH} /usr/bin/cmake --install /home/admin/ros_ws/src/eta_robots/Universal_Robots_ROS2_Driver/build/ur_controllers
[16.234s] Level 1:colcon.colcon_core.environment:checking '/home/admin/ros_ws/src/eta_robots/Universal_Robots_ROS2_Driver/install/ur_controllers' for CMake config files
[16.234s] Level 1:colcon.colcon_core.shell:create_environment_hook('ur_controllers', 'cmake_prefix_path')
[16.234s] INFO:colcon.colcon_core.shell:Creating environment hook '/home/admin/ros_ws/src/eta_robots/Universal_Robots_ROS2_Driver/install/ur_controllers/share/ur_controllers/hook/cmake_prefix_path.ps1'
[16.235s] INFO:colcon.colcon_core.shell:Creating environment descriptor '/home/admin/ros_ws/src/eta_robots/Universal_Robots_ROS2_Driver/install/ur_controllers/share/ur_controllers/hook/cmake_prefix_path.dsv'
[16.235s] INFO:colcon.colcon_core.shell:Creating environment hook '/home/admin/ros_ws/src/eta_robots/Universal_Robots_ROS2_Driver/install/ur_controllers/share/ur_controllers/hook/cmake_prefix_path.sh'
[16.235s] Level 1:colcon.colcon_core.environment:checking '/home/admin/ros_ws/src/eta_robots/Universal_Robots_ROS2_Driver/install/ur_controllers/lib'
[16.235s] Level 1:colcon.colcon_core.shell:create_environment_hook('ur_controllers', 'ld_library_path_lib')
[16.235s] INFO:colcon.colcon_core.shell:Creating environment hook '/home/admin/ros_ws/src/eta_robots/Universal_Robots_ROS2_Driver/install/ur_controllers/share/ur_controllers/hook/ld_library_path_lib.ps1'
[16.235s] INFO:colcon.colcon_core.shell:Creating environment descriptor '/home/admin/ros_ws/src/eta_robots/Universal_Robots_ROS2_Driver/install/ur_controllers/share/ur_controllers/hook/ld_library_path_lib.dsv'
[16.236s] INFO:colcon.colcon_core.shell:Creating environment hook '/home/admin/ros_ws/src/eta_robots/Universal_Robots_ROS2_Driver/install/ur_controllers/share/ur_controllers/hook/ld_library_path_lib.sh'
[16.236s] Level 1:colcon.colcon_core.environment:checking '/home/admin/ros_ws/src/eta_robots/Universal_Robots_ROS2_Driver/install/ur_controllers/bin'
[16.236s] Level 1:colcon.colcon_core.environment:checking '/home/admin/ros_ws/src/eta_robots/Universal_Robots_ROS2_Driver/install/ur_controllers/lib/pkgconfig/ur_controllers.pc'
[16.236s] Level 1:colcon.colcon_core.environment:checking '/home/admin/ros_ws/src/eta_robots/Universal_Robots_ROS2_Driver/install/ur_controllers/lib/python3.12/site-packages'
[16.236s] Level 1:colcon.colcon_core.environment:checking '/home/admin/ros_ws/src/eta_robots/Universal_Robots_ROS2_Driver/install/ur_controllers/bin'
[16.236s] INFO:colcon.colcon_core.shell:Creating package script '/home/admin/ros_ws/src/eta_robots/Universal_Robots_ROS2_Driver/install/ur_controllers/share/ur_controllers/package.ps1'
[16.237s] INFO:colcon.colcon_core.shell:Creating package descriptor '/home/admin/ros_ws/src/eta_robots/Universal_Robots_ROS2_Driver/install/ur_controllers/share/ur_controllers/package.dsv'
[16.237s] INFO:colcon.colcon_core.shell:Creating package script '/home/admin/ros_ws/src/eta_robots/Universal_Robots_ROS2_Driver/install/ur_controllers/share/ur_controllers/package.sh'
[16.237s] INFO:colcon.colcon_core.shell:Creating package script '/home/admin/ros_ws/src/eta_robots/Universal_Robots_ROS2_Driver/install/ur_controllers/share/ur_controllers/package.bash'
[16.237s] INFO:colcon.colcon_core.shell:Creating package script '/home/admin/ros_ws/src/eta_robots/Universal_Robots_ROS2_Driver/install/ur_controllers/share/ur_controllers/package.zsh'
[16.237s] Level 1:colcon.colcon_core.environment:create_file_with_runtime_dependencies(/home/admin/ros_ws/src/eta_robots/Universal_Robots_ROS2_Driver/install/ur_controllers/share/colcon-core/packages/ur_controllers)
[16.238s] Level 1:colcon.colcon_core.environment:create_environment_scripts_only(ur_controllers)
[16.238s] Level 1:colcon.colcon_core.environment:checking '/home/admin/ros_ws/src/eta_robots/Universal_Robots_ROS2_Driver/install/ur_controllers' for CMake module files
[16.238s] Level 1:colcon.colcon_core.environment:checking '/home/admin/ros_ws/src/eta_robots/Universal_Robots_ROS2_Driver/install/ur_controllers' for CMake config files
[16.238s] Level 1:colcon.colcon_core.shell:create_environment_hook('ur_controllers', 'cmake_prefix_path')
[16.238s] INFO:colcon.colcon_core.shell:Creating environment hook '/home/admin/ros_ws/src/eta_robots/Universal_Robots_ROS2_Driver/install/ur_controllers/share/ur_controllers/hook/cmake_prefix_path.ps1'
[16.238s] INFO:colcon.colcon_core.shell:Creating environment descriptor '/home/admin/ros_ws/src/eta_robots/Universal_Robots_ROS2_Driver/install/ur_controllers/share/ur_controllers/hook/cmake_prefix_path.dsv'
[16.239s] INFO:colcon.colcon_core.shell:Creating environment hook '/home/admin/ros_ws/src/eta_robots/Universal_Robots_ROS2_Driver/install/ur_controllers/share/ur_controllers/hook/cmake_prefix_path.sh'
[16.239s] Level 1:colcon.colcon_core.environment:checking '/home/admin/ros_ws/src/eta_robots/Universal_Robots_ROS2_Driver/install/ur_controllers/lib'
[16.239s] Level 1:colcon.colcon_core.shell:create_environment_hook('ur_controllers', 'ld_library_path_lib')
[16.239s] INFO:colcon.colcon_core.shell:Creating environment hook '/home/admin/ros_ws/src/eta_robots/Universal_Robots_ROS2_Driver/install/ur_controllers/share/ur_controllers/hook/ld_library_path_lib.ps1'
[16.239s] INFO:colcon.colcon_core.shell:Creating environment descriptor '/home/admin/ros_ws/src/eta_robots/Universal_Robots_ROS2_Driver/install/ur_controllers/share/ur_controllers/hook/ld_library_path_lib.dsv'
[16.239s] INFO:colcon.colcon_core.shell:Creating environment hook '/home/admin/ros_ws/src/eta_robots/Universal_Robots_ROS2_Driver/install/ur_controllers/share/ur_controllers/hook/ld_library_path_lib.sh'
[16.240s] Level 1:colcon.colcon_core.environment:checking '/home/admin/ros_ws/src/eta_robots/Universal_Robots_ROS2_Driver/install/ur_controllers/bin'
[16.240s] Level 1:colcon.colcon_core.environment:checking '/home/admin/ros_ws/src/eta_robots/Universal_Robots_ROS2_Driver/install/ur_controllers/lib/pkgconfig/ur_controllers.pc'
[16.240s] Level 1:colcon.colcon_core.environment:checking '/home/admin/ros_ws/src/eta_robots/Universal_Robots_ROS2_Driver/install/ur_controllers/lib/python3.12/site-packages'
[16.240s] Level 1:colcon.colcon_core.environment:checking '/home/admin/ros_ws/src/eta_robots/Universal_Robots_ROS2_Driver/install/ur_controllers/bin'
[16.240s] INFO:colcon.colcon_core.shell:Creating package script '/home/admin/ros_ws/src/eta_robots/Universal_Robots_ROS2_Driver/install/ur_controllers/share/ur_controllers/package.ps1'
[16.240s] INFO:colcon.colcon_core.shell:Creating package descriptor '/home/admin/ros_ws/src/eta_robots/Universal_Robots_ROS2_Driver/install/ur_controllers/share/ur_controllers/package.dsv'
[16.241s] INFO:colcon.colcon_core.shell:Creating package script '/home/admin/ros_ws/src/eta_robots/Universal_Robots_ROS2_Driver/install/ur_controllers/share/ur_controllers/package.sh'
[16.241s] INFO:colcon.colcon_core.shell:Creating package script '/home/admin/ros_ws/src/eta_robots/Universal_Robots_ROS2_Driver/install/ur_controllers/share/ur_controllers/package.bash'
[16.241s] INFO:colcon.colcon_core.shell:Creating package script '/home/admin/ros_ws/src/eta_robots/Universal_Robots_ROS2_Driver/install/ur_controllers/share/ur_controllers/package.zsh'
[16.241s] Level 1:colcon.colcon_core.environment:create_file_with_runtime_dependencies(/home/admin/ros_ws/src/eta_robots/Universal_Robots_ROS2_Driver/install/ur_controllers/share/colcon-core/packages/ur_controllers)
[16.241s] INFO:colcon.colcon_ros.task.ament_cmake.build:Building ROS package in '/home/admin/ros_ws/src/eta_robots/Universal_Robots_ROS2_Driver/ur_robot_driver' with build type 'ament_cmake'
[16.242s] INFO:colcon.colcon_cmake.task.cmake.build:Building CMake package in '/home/admin/ros_ws/src/eta_robots/Universal_Robots_ROS2_Driver/ur_robot_driver'
[16.242s] INFO:colcon.colcon_core.shell:Skip shell extension 'powershell' for command environment: Not usable outside of PowerShell
[16.242s] DEBUG:colcon.colcon_core.shell:Skip shell extension 'dsv' for command environment
[16.255s] DEBUG:colcon.colcon_core.event_handler.log_command:Invoking command in '/home/admin/ros_ws/src/eta_robots/Universal_Robots_ROS2_Driver/build/ur_robot_driver': AMENT_PREFIX_PATH=/home/admin/ros_ws/src/eta_robots/Universal_Robots_ROS2_Driver/install/ur_controllers:/home/admin/ros_ws/src/eta_robots/Universal_Robots_ROS2_Driver/install/ur_dashboard_msgs:/home/admin/ros_ws/src/eta_robots/Universal_Robots_ROS2_Driver/install/my_ur_msgs:${AMENT_PREFIX_PATH} CMAKE_PREFIX_PATH=/home/admin/ros_ws/src/eta_robots/Universal_Robots_ROS2_Driver/install/ur_controllers:/home/admin/ros_ws/src/eta_robots/Universal_Robots_ROS2_Driver/install/ur_dashboard_msgs:/home/admin/ros_ws/src/eta_robots/Universal_Robots_ROS2_Driver/install/my_ur_msgs:/home/admin/ros_ws/install/my_ur_msgs:/home/admin/ros_ws/install/ur_controllers:/home/admin/ros_ws/install/ur_msgs:/home/admin/ros_ws/install/ur_moveit_config:/home/admin/ros_ws/install/ur_description:/home/admin/ros_ws/install/ur_dashboard_msgs:/home/admin/ros_ws/install/ur_client_library:/home/admin/ros_ws/install/srdfdom:/home/admin/ros_ws/install/ros2_control_test_assets:/home/admin/ros_ws/install/joint_limits:/home/admin/ros_ws/install/realtime_tools:/home/admin/ros_ws/install/moveit_resources_prbt_support:/home/admin/ros_ws/install/moveit_resources_pr2_description:/home/admin/ros_ws/install/dual_arm_panda_moveit_config:/home/admin/ros_ws/install/moveit_resources_panda_description:/home/admin/ros_ws/install/moveit_resources_fanuc_description:/home/admin/ros_ws/install/moveit_common:/home/admin/ros_ws/install/kinematics_interface_kdl:/home/admin/ros_ws/install/kinematics_interface:/home/admin/ros_ws/install/controller_manager_msgs:/home/admin/ros_ws/install/eta_slam:/home/admin/ros_ws/install/eta_navigation:/home/admin/ros_ws/install/eta_hardware:/home/admin/ros_ws/install/eta_firmware:/home/admin/ros_ws/install/eta_bringup:/home/admin/ros_ws/install/eta_control:/home/admin/ros_ws/install/eta_description:/home/admin/ros_ws/install/eta_base:/opt/ros/kilted/opt/gz_sim_vendor:/opt/ros/kilted/opt/gz_sensors_vendor:/opt/ros/kilted/opt/gz_physics_vendor:/opt/ros/kilted/opt/sdformat_vendor:/opt/ros/kilted/opt/gz_gui_vendor:/opt/ros/kilted/opt/gz_transport_vendor:/opt/ros/kilted/opt/gz_rendering_vendor:/opt/ros/kilted/opt/gz_plugin_vendor:/opt/ros/kilted/opt/gz_fuel_tools_vendor:/opt/ros/kilted/opt/gz_msgs_vendor:/opt/ros/kilted/opt/gz_common_vendor:/opt/ros/kilted/opt/gz_math_vendor:/opt/ros/kilted/opt/gz_utils_vendor:/opt/ros/kilted/opt/gz_tools_vendor:/opt/ros/kilted/opt/gz_ogre_next_vendor:/opt/ros/kilted/opt/gz_dartsim_vendor:/opt/ros/kilted/opt/gz_cmake_vendor:/home/admin/ros_ws/install/moveit_configs_utils:/home/admin/ros_ws/install/ros2_controllers_test_nodes:/opt/ros/kilted LD_LIBRARY_PATH=/home/admin/ros_ws/src/eta_robots/Universal_Robots_ROS2_Driver/install/ur_controllers/lib:/home/admin/ros_ws/src/eta_robots/Universal_Robots_ROS2_Driver/install/ur_dashboard_msgs/lib:/home/admin/ros_ws/src/eta_robots/Universal_Robots_ROS2_Driver/install/my_ur_msgs/lib:${LD_LIBRARY_PATH} PYTHONPATH=/home/admin/ros_ws/src/eta_robots/Universal_Robots_ROS2_Driver/install/ur_dashboard_msgs/lib/python3.12/site-packages:/home/admin/ros_ws/src/eta_robots/Universal_Robots_ROS2_Driver/install/my_ur_msgs/lib/python3.12/site-packages:${PYTHONPATH} /usr/bin/cmake /home/admin/ros_ws/src/eta_robots/Universal_Robots_ROS2_Driver/ur_robot_driver -DCMAKE_INSTALL_PREFIX=/home/admin/ros_ws/src/eta_robots/Universal_Robots_ROS2_Driver/install/ur_robot_driver
[17.937s] DEBUG:colcon.colcon_core.event_handler.log_command:Invoked command in '/home/admin/ros_ws/src/eta_robots/Universal_Robots_ROS2_Driver/build/ur_robot_driver' returned '0': AMENT_PREFIX_PATH=/home/admin/ros_ws/src/eta_robots/Universal_Robots_ROS2_Driver/install/ur_controllers:/home/admin/ros_ws/src/eta_robots/Universal_Robots_ROS2_Driver/install/ur_dashboard_msgs:/home/admin/ros_ws/src/eta_robots/Universal_Robots_ROS2_Driver/install/my_ur_msgs:${AMENT_PREFIX_PATH} CMAKE_PREFIX_PATH=/home/admin/ros_ws/src/eta_robots/Universal_Robots_ROS2_Driver/install/ur_controllers:/home/admin/ros_ws/src/eta_robots/Universal_Robots_ROS2_Driver/install/ur_dashboard_msgs:/home/admin/ros_ws/src/eta_robots/Universal_Robots_ROS2_Driver/install/my_ur_msgs:/home/admin/ros_ws/install/my_ur_msgs:/home/admin/ros_ws/install/ur_controllers:/home/admin/ros_ws/install/ur_msgs:/home/admin/ros_ws/install/ur_moveit_config:/home/admin/ros_ws/install/ur_description:/home/admin/ros_ws/install/ur_dashboard_msgs:/home/admin/ros_ws/install/ur_client_library:/home/admin/ros_ws/install/srdfdom:/home/admin/ros_ws/install/ros2_control_test_assets:/home/admin/ros_ws/install/joint_limits:/home/admin/ros_ws/install/realtime_tools:/home/admin/ros_ws/install/moveit_resources_prbt_support:/home/admin/ros_ws/install/moveit_resources_pr2_description:/home/admin/ros_ws/install/dual_arm_panda_moveit_config:/home/admin/ros_ws/install/moveit_resources_panda_description:/home/admin/ros_ws/install/moveit_resources_fanuc_description:/home/admin/ros_ws/install/moveit_common:/home/admin/ros_ws/install/kinematics_interface_kdl:/home/admin/ros_ws/install/kinematics_interface:/home/admin/ros_ws/install/controller_manager_msgs:/home/admin/ros_ws/install/eta_slam:/home/admin/ros_ws/install/eta_navigation:/home/admin/ros_ws/install/eta_hardware:/home/admin/ros_ws/install/eta_firmware:/home/admin/ros_ws/install/eta_bringup:/home/admin/ros_ws/install/eta_control:/home/admin/ros_ws/install/eta_description:/home/admin/ros_ws/install/eta_base:/opt/ros/kilted/opt/gz_sim_vendor:/opt/ros/kilted/opt/gz_sensors_vendor:/opt/ros/kilted/opt/gz_physics_vendor:/opt/ros/kilted/opt/sdformat_vendor:/opt/ros/kilted/opt/gz_gui_vendor:/opt/ros/kilted/opt/gz_transport_vendor:/opt/ros/kilted/opt/gz_rendering_vendor:/opt/ros/kilted/opt/gz_plugin_vendor:/opt/ros/kilted/opt/gz_fuel_tools_vendor:/opt/ros/kilted/opt/gz_msgs_vendor:/opt/ros/kilted/opt/gz_common_vendor:/opt/ros/kilted/opt/gz_math_vendor:/opt/ros/kilted/opt/gz_utils_vendor:/opt/ros/kilted/opt/gz_tools_vendor:/opt/ros/kilted/opt/gz_ogre_next_vendor:/opt/ros/kilted/opt/gz_dartsim_vendor:/opt/ros/kilted/opt/gz_cmake_vendor:/home/admin/ros_ws/install/moveit_configs_utils:/home/admin/ros_ws/install/ros2_controllers_test_nodes:/opt/ros/kilted LD_LIBRARY_PATH=/home/admin/ros_ws/src/eta_robots/Universal_Robots_ROS2_Driver/install/ur_controllers/lib:/home/admin/ros_ws/src/eta_robots/Universal_Robots_ROS2_Driver/install/ur_dashboard_msgs/lib:/home/admin/ros_ws/src/eta_robots/Universal_Robots_ROS2_Driver/install/my_ur_msgs/lib:${LD_LIBRARY_PATH} PYTHONPATH=/home/admin/ros_ws/src/eta_robots/Universal_Robots_ROS2_Driver/install/ur_dashboard_msgs/lib/python3.12/site-packages:/home/admin/ros_ws/src/eta_robots/Universal_Robots_ROS2_Driver/install/my_ur_msgs/lib/python3.12/site-packages:${PYTHONPATH} /usr/bin/cmake /home/admin/ros_ws/src/eta_robots/Universal_Robots_ROS2_Driver/ur_robot_driver -DCMAKE_INSTALL_PREFIX=/home/admin/ros_ws/src/eta_robots/Universal_Robots_ROS2_Driver/install/ur_robot_driver
[17.938s] DEBUG:colcon.colcon_core.event_handler.log_command:Invoking command in '/home/admin/ros_ws/src/eta_robots/Universal_Robots_ROS2_Driver/build/ur_robot_driver': AMENT_PREFIX_PATH=/home/admin/ros_ws/src/eta_robots/Universal_Robots_ROS2_Driver/install/ur_controllers:/home/admin/ros_ws/src/eta_robots/Universal_Robots_ROS2_Driver/install/ur_dashboard_msgs:/home/admin/ros_ws/src/eta_robots/Universal_Robots_ROS2_Driver/install/my_ur_msgs:${AMENT_PREFIX_PATH} CMAKE_PREFIX_PATH=/home/admin/ros_ws/src/eta_robots/Universal_Robots_ROS2_Driver/install/ur_controllers:/home/admin/ros_ws/src/eta_robots/Universal_Robots_ROS2_Driver/install/ur_dashboard_msgs:/home/admin/ros_ws/src/eta_robots/Universal_Robots_ROS2_Driver/install/my_ur_msgs:/home/admin/ros_ws/install/my_ur_msgs:/home/admin/ros_ws/install/ur_controllers:/home/admin/ros_ws/install/ur_msgs:/home/admin/ros_ws/install/ur_moveit_config:/home/admin/ros_ws/install/ur_description:/home/admin/ros_ws/install/ur_dashboard_msgs:/home/admin/ros_ws/install/ur_client_library:/home/admin/ros_ws/install/srdfdom:/home/admin/ros_ws/install/ros2_control_test_assets:/home/admin/ros_ws/install/joint_limits:/home/admin/ros_ws/install/realtime_tools:/home/admin/ros_ws/install/moveit_resources_prbt_support:/home/admin/ros_ws/install/moveit_resources_pr2_description:/home/admin/ros_ws/install/dual_arm_panda_moveit_config:/home/admin/ros_ws/install/moveit_resources_panda_description:/home/admin/ros_ws/install/moveit_resources_fanuc_description:/home/admin/ros_ws/install/moveit_common:/home/admin/ros_ws/install/kinematics_interface_kdl:/home/admin/ros_ws/install/kinematics_interface:/home/admin/ros_ws/install/controller_manager_msgs:/home/admin/ros_ws/install/eta_slam:/home/admin/ros_ws/install/eta_navigation:/home/admin/ros_ws/install/eta_hardware:/home/admin/ros_ws/install/eta_firmware:/home/admin/ros_ws/install/eta_bringup:/home/admin/ros_ws/install/eta_control:/home/admin/ros_ws/install/eta_description:/home/admin/ros_ws/install/eta_base:/opt/ros/kilted/opt/gz_sim_vendor:/opt/ros/kilted/opt/gz_sensors_vendor:/opt/ros/kilted/opt/gz_physics_vendor:/opt/ros/kilted/opt/sdformat_vendor:/opt/ros/kilted/opt/gz_gui_vendor:/opt/ros/kilted/opt/gz_transport_vendor:/opt/ros/kilted/opt/gz_rendering_vendor:/opt/ros/kilted/opt/gz_plugin_vendor:/opt/ros/kilted/opt/gz_fuel_tools_vendor:/opt/ros/kilted/opt/gz_msgs_vendor:/opt/ros/kilted/opt/gz_common_vendor:/opt/ros/kilted/opt/gz_math_vendor:/opt/ros/kilted/opt/gz_utils_vendor:/opt/ros/kilted/opt/gz_tools_vendor:/opt/ros/kilted/opt/gz_ogre_next_vendor:/opt/ros/kilted/opt/gz_dartsim_vendor:/opt/ros/kilted/opt/gz_cmake_vendor:/home/admin/ros_ws/install/moveit_configs_utils:/home/admin/ros_ws/install/ros2_controllers_test_nodes:/opt/ros/kilted LD_LIBRARY_PATH=/home/admin/ros_ws/src/eta_robots/Universal_Robots_ROS2_Driver/install/ur_controllers/lib:/home/admin/ros_ws/src/eta_robots/Universal_Robots_ROS2_Driver/install/ur_dashboard_msgs/lib:/home/admin/ros_ws/src/eta_robots/Universal_Robots_ROS2_Driver/install/my_ur_msgs/lib:${LD_LIBRARY_PATH} PYTHONPATH=/home/admin/ros_ws/src/eta_robots/Universal_Robots_ROS2_Driver/install/ur_dashboard_msgs/lib/python3.12/site-packages:/home/admin/ros_ws/src/eta_robots/Universal_Robots_ROS2_Driver/install/my_ur_msgs/lib/python3.12/site-packages:${PYTHONPATH} /usr/bin/cmake --build /home/admin/ros_ws/src/eta_robots/Universal_Robots_ROS2_Driver/build/ur_robot_driver -- -j14 -l14
[43.635s] DEBUG:colcon.colcon_core.event_handler.log_command:Invoked command in '/home/admin/ros_ws/src/eta_robots/Universal_Robots_ROS2_Driver/build/ur_robot_driver' returned '2': AMENT_PREFIX_PATH=/home/admin/ros_ws/src/eta_robots/Universal_Robots_ROS2_Driver/install/ur_controllers:/home/admin/ros_ws/src/eta_robots/Universal_Robots_ROS2_Driver/install/ur_dashboard_msgs:/home/admin/ros_ws/src/eta_robots/Universal_Robots_ROS2_Driver/install/my_ur_msgs:${AMENT_PREFIX_PATH} CMAKE_PREFIX_PATH=/home/admin/ros_ws/src/eta_robots/Universal_Robots_ROS2_Driver/install/ur_controllers:/home/admin/ros_ws/src/eta_robots/Universal_Robots_ROS2_Driver/install/ur_dashboard_msgs:/home/admin/ros_ws/src/eta_robots/Universal_Robots_ROS2_Driver/install/my_ur_msgs:/home/admin/ros_ws/install/my_ur_msgs:/home/admin/ros_ws/install/ur_controllers:/home/admin/ros_ws/install/ur_msgs:/home/admin/ros_ws/install/ur_moveit_config:/home/admin/ros_ws/install/ur_description:/home/admin/ros_ws/install/ur_dashboard_msgs:/home/admin/ros_ws/install/ur_client_library:/home/admin/ros_ws/install/srdfdom:/home/admin/ros_ws/install/ros2_control_test_assets:/home/admin/ros_ws/install/joint_limits:/home/admin/ros_ws/install/realtime_tools:/home/admin/ros_ws/install/moveit_resources_prbt_support:/home/admin/ros_ws/install/moveit_resources_pr2_description:/home/admin/ros_ws/install/dual_arm_panda_moveit_config:/home/admin/ros_ws/install/moveit_resources_panda_description:/home/admin/ros_ws/install/moveit_resources_fanuc_description:/home/admin/ros_ws/install/moveit_common:/home/admin/ros_ws/install/kinematics_interface_kdl:/home/admin/ros_ws/install/kinematics_interface:/home/admin/ros_ws/install/controller_manager_msgs:/home/admin/ros_ws/install/eta_slam:/home/admin/ros_ws/install/eta_navigation:/home/admin/ros_ws/install/eta_hardware:/home/admin/ros_ws/install/eta_firmware:/home/admin/ros_ws/install/eta_bringup:/home/admin/ros_ws/install/eta_control:/home/admin/ros_ws/install/eta_description:/home/admin/ros_ws/install/eta_base:/opt/ros/kilted/opt/gz_sim_vendor:/opt/ros/kilted/opt/gz_sensors_vendor:/opt/ros/kilted/opt/gz_physics_vendor:/opt/ros/kilted/opt/sdformat_vendor:/opt/ros/kilted/opt/gz_gui_vendor:/opt/ros/kilted/opt/gz_transport_vendor:/opt/ros/kilted/opt/gz_rendering_vendor:/opt/ros/kilted/opt/gz_plugin_vendor:/opt/ros/kilted/opt/gz_fuel_tools_vendor:/opt/ros/kilted/opt/gz_msgs_vendor:/opt/ros/kilted/opt/gz_common_vendor:/opt/ros/kilted/opt/gz_math_vendor:/opt/ros/kilted/opt/gz_utils_vendor:/opt/ros/kilted/opt/gz_tools_vendor:/opt/ros/kilted/opt/gz_ogre_next_vendor:/opt/ros/kilted/opt/gz_dartsim_vendor:/opt/ros/kilted/opt/gz_cmake_vendor:/home/admin/ros_ws/install/moveit_configs_utils:/home/admin/ros_ws/install/ros2_controllers_test_nodes:/opt/ros/kilted LD_LIBRARY_PATH=/home/admin/ros_ws/src/eta_robots/Universal_Robots_ROS2_Driver/install/ur_controllers/lib:/home/admin/ros_ws/src/eta_robots/Universal_Robots_ROS2_Driver/install/ur_dashboard_msgs/lib:/home/admin/ros_ws/src/eta_robots/Universal_Robots_ROS2_Driver/install/my_ur_msgs/lib:${LD_LIBRARY_PATH} PYTHONPATH=/home/admin/ros_ws/src/eta_robots/Universal_Robots_ROS2_Driver/install/ur_dashboard_msgs/lib/python3.12/site-packages:/home/admin/ros_ws/src/eta_robots/Universal_Robots_ROS2_Driver/install/my_ur_msgs/lib/python3.12/site-packages:${PYTHONPATH} /usr/bin/cmake --build /home/admin/ros_ws/src/eta_robots/Universal_Robots_ROS2_Driver/build/ur_robot_driver -- -j14 -l14
[43.635s] Level 1:colcon.colcon_core.environment:create_environment_scripts_only(ur_robot_driver)
[43.635s] Level 1:colcon.colcon_core.environment:checking '/home/admin/ros_ws/src/eta_robots/Universal_Robots_ROS2_Driver/install/ur_robot_driver' for CMake module files
[43.636s] Level 1:colcon.colcon_core.environment:checking '/home/admin/ros_ws/src/eta_robots/Universal_Robots_ROS2_Driver/install/ur_robot_driver' for CMake config files
[43.636s] Level 1:colcon.colcon_core.environment:checking '/home/admin/ros_ws/src/eta_robots/Universal_Robots_ROS2_Driver/install/ur_robot_driver/bin'
[43.636s] Level 1:colcon.colcon_core.environment:checking '/home/admin/ros_ws/src/eta_robots/Universal_Robots_ROS2_Driver/install/ur_robot_driver/lib/pkgconfig/ur_robot_driver.pc'
[43.636s] Level 1:colcon.colcon_core.environment:checking '/home/admin/ros_ws/src/eta_robots/Universal_Robots_ROS2_Driver/install/ur_robot_driver/lib/python3.12/site-packages'
[43.636s] Level 1:colcon.colcon_core.environment:checking '/home/admin/ros_ws/src/eta_robots/Universal_Robots_ROS2_Driver/install/ur_robot_driver/bin'
[43.636s] INFO:colcon.colcon_core.shell:Creating package script '/home/admin/ros_ws/src/eta_robots/Universal_Robots_ROS2_Driver/install/ur_robot_driver/share/ur_robot_driver/package.ps1'
[43.637s] INFO:colcon.colcon_core.shell:Creating package descriptor '/home/admin/ros_ws/src/eta_robots/Universal_Robots_ROS2_Driver/install/ur_robot_driver/share/ur_robot_driver/package.dsv'
[43.637s] INFO:colcon.colcon_core.shell:Creating package script '/home/admin/ros_ws/src/eta_robots/Universal_Robots_ROS2_Driver/install/ur_robot_driver/share/ur_robot_driver/package.sh'
[43.637s] INFO:colcon.colcon_core.shell:Creating package script '/home/admin/ros_ws/src/eta_robots/Universal_Robots_ROS2_Driver/install/ur_robot_driver/share/ur_robot_driver/package.bash'
[43.638s] INFO:colcon.colcon_core.shell:Creating package script '/home/admin/ros_ws/src/eta_robots/Universal_Robots_ROS2_Driver/install/ur_robot_driver/share/ur_robot_driver/package.zsh'
[43.638s] Level 1:colcon.colcon_core.environment:create_file_with_runtime_dependencies(/home/admin/ros_ws/src/eta_robots/Universal_Robots_ROS2_Driver/install/ur_robot_driver/share/colcon-core/packages/ur_robot_driver)
[43.648s] DEBUG:colcon.colcon_parallel_executor.executor.parallel:closing loop
[43.649s] DEBUG:colcon.colcon_parallel_executor.executor.parallel:loop closed
[43.649s] DEBUG:colcon.colcon_parallel_executor.executor.parallel:run_until_complete finished with '2'
[43.649s] DEBUG:colcon.colcon_core.event_reactor:joining thread
[43.653s] INFO:colcon.colcon_core.plugin_system:Skipping extension 'colcon_notification.desktop_notification.notify_send': Could not find 'notify-send'
[43.653s] INFO:colcon.colcon_core.plugin_system:Skipping extension 'colcon_notification.desktop_notification.terminal_notifier': Not used on non-Darwin systems
[43.653s] INFO:colcon.colcon_core.plugin_system:Skipping extension 'colcon_notification.desktop_notification.win32': Not used on non-Windows systems
[43.654s] INFO:colcon.colcon_notification.desktop_notification:Sending desktop notification using 'notify2'
[43.656s] DEBUG:colcon.colcon_notification.desktop_notification.notify2:Failed to initialize notify2: org.freedesktop.DBus.Error.Spawn.ExecFailed: /usr/bin/dbus-launch terminated abnormally without any error message
[43.656s] DEBUG:colcon.colcon_core.event_reactor:joined thread
[43.656s] INFO:colcon.colcon_core.shell:Creating prefix script '/home/admin/ros_ws/src/eta_robots/Universal_Robots_ROS2_Driver/install/local_setup.ps1'
[43.657s] INFO:colcon.colcon_core.shell:Creating prefix util module '/home/admin/ros_ws/src/eta_robots/Universal_Robots_ROS2_Driver/install/_local_setup_util_ps1.py'
[43.657s] INFO:colcon.colcon_core.shell:Creating prefix chain script '/home/admin/ros_ws/src/eta_robots/Universal_Robots_ROS2_Driver/install/setup.ps1'
[43.659s] INFO:colcon.colcon_core.shell:Creating prefix script '/home/admin/ros_ws/src/eta_robots/Universal_Robots_ROS2_Driver/install/local_setup.sh'
[43.659s] INFO:colcon.colcon_core.shell:Creating prefix util module '/home/admin/ros_ws/src/eta_robots/Universal_Robots_ROS2_Driver/install/_local_setup_util_sh.py'
[43.659s] INFO:colcon.colcon_core.shell:Creating prefix chain script '/home/admin/ros_ws/src/eta_robots/Universal_Robots_ROS2_Driver/install/setup.sh'
[43.661s] INFO:colcon.colcon_core.shell:Creating prefix script '/home/admin/ros_ws/src/eta_robots/Universal_Robots_ROS2_Driver/install/local_setup.bash'
[43.661s] INFO:colcon.colcon_core.shell:Creating prefix chain script '/home/admin/ros_ws/src/eta_robots/Universal_Robots_ROS2_Driver/install/setup.bash'
[43.662s] INFO:colcon.colcon_core.shell:Creating prefix script '/home/admin/ros_ws/src/eta_robots/Universal_Robots_ROS2_Driver/install/local_setup.zsh'
[43.662s] INFO:colcon.colcon_core.shell:Creating prefix chain script '/home/admin/ros_ws/src/eta_robots/Universal_Robots_ROS2_Driver/install/setup.zsh'
